<?xml version="1.0" encoding="UTF-8"?>
<content>

<h1>I. INTRODUCTION</h1>
<p>
Writer identi&#64257;cation for a handwritten script is a crucial
task. It can be used in criminal justice system. Handwrit-
ing identi&#64257;cation is the study for identifying or verifying
the writer of a given document. Research on handwrit-
ten document analysis continued from last few decades.
Most of the research work carried out for writer identi&#64257;-
cation/veri&#64257;cation is based on non-Indic script.
Most characters of words may be written using more
than one different shape or model. These models are called
allographs [1]. For example, the letter &#8216;a&#8217; can be written
in several different ways, such as an upper-case, a block
printed, or a cursive variant. Those variants are different
character allographs for the character &#8216;a&#8217;; visually differ-
ent but indicating the same thing. So, handwritten words
carry more individuality than handwritten allograph. The
handwriting features are the cornerstone in the identi&#64257;cation
process and the classi&#64257;cation accuracy is sensitive in terms
of how the writers are scored based on the features [2].
Features for identi&#64257;cation may be visible characteristic of
writing, for example; width, slant and height of the three
</p><p>
main writing zones or texture based features i.e., contour
based, run length based and autocorrelation etc.
The originality of this work is the extraction of two differ-
ent sets of components (essentially fragments of characters);
namely fragment set-A and fragment set-B and extraction
of features from those based on Radon transformation.
The fragments in set-A are those which writer draws in
his/her writings unconsciously. These fragments are unique
for every writer and whenever a writer writes something
these components will be present there. The fragments in
set-B are extracted by analysing the words (where most of
the symbols are connected). These components are language
dependent. We have considered here Bangla writings. A
basis for Bangla language, handwritings is presented in the
next subsection.
</p>
<h2>A. Bangla Language, Script and Handwriting:</h2>
<p>
Bangla is the national language of Bangladesh and the
second most popular language in India. All major Indian
scripts including Bangla are mixtures of syllabic and alpha-
betic scripts. Writing style of Bangla [3] is from left to right
in a horizontal manner. The concept of upper or lower case
is absent in Bangla. The basic character set comprises 11
vowels, 40 consonants and 10 numerals.
Many Bangla characters have a horizontal line at the
upper part called &#8216;matra&#8217; or headline. In Bangla successive
characters in a word touch the &#8216;matra&#8217;. The characters in
a word usually reside in between the matra and the base
line. A vivid description of the characteristics of Bangla
script is available in [4]. A vowel following a consonant
sometimes takes a modi&#64257;ed (allographic) shape, and is called
a vowel modi&#64257;er. Depending on the vowel, the allograph is
placed at the left, right (or both) or bottom of the consonant
below the base line. Some part of the allograph may also be
present above the matra. There can also be some compound
character being combination of consonant with consonant as
well as consonant with vowel.
In case of handwritten text sometimes &#8216;matra&#8217; may be
absent for some characters and modi&#64257;ers may not touch
the characters. It may vary from one writer to another;
however a writer always inadvertently uses some &#8216;matra less
or disconnected modi&#64257;ers in his/her writing. This matra-less
</p><p>
disconnected modi&#64257;ers may be used for identi&#64257;cation which
would substantially minimize the space and time complexity.
An example for Bangla writing is shown in Figure 1; Here
the topics for the writings are so chosen that most of the
basic Bangla characters are present.
</p>
<h1>II. RELATED WORK</h1>
<p>
Various schemes for writer identi&#64257;cation and veri&#64257;cation
have been proposed by many researchers. Many well estab-
lished writer identi&#64257;cation strategies for non-Indic scripts
are reported in [2, 4-15]. Marti et al. [5] computed twelve
features based on visible characteristics of the writing; for
example width, slant and height of the three main writing
zones. Using k-nearest neighbour classi&#64257;er and feed forward
neural network identi&#64257;cation rates of 87.8% and 90.7%
were obtained respectively in tests on a subset of the IAM
database with 20 writers and &#64257;ve handwritten pages per
writer.
Srihari et al. [6] obtained the features from the entire
document or from each paragraph, word or even a single
character and constructed the features vector. Two types
of features were considered &#8211; conventional features and
computational features. It required some form of detailed
and elaborate user interaction for separating the characters
from words.
In [7], [8] the writer was considered to be characterized by
a stochastic pattern generator producing a family of character
fragments (fraglets). The authors formed an independent
training set using a codebook of such fraglets. Kohonen
self-organised map was used for forming the codebook.
Identi&#64257;cation rate is 83% on dataset of 210 writers for upper
case texts.
Schlapbach and Bunke [9] computed nine features; three
global and six local. The global features were the fractions
of black pixels in the window, the center of gravity and
2nd order moment. The local features were the positions of
upper and lower most pixels, the number of black to white
transitions in the window and the fraction of black pixels
between the upper and lower most black pixels. Using HMM
</p><p>
based recogniser identi&#64257;cation rate achieved was 95.6% on
a subset of the IAM database with 100 writers.
Bulacu et al. [10], [11], [12] used edge-direction distri-
bution, edge-hinge distribution, run length distribution and
their combinations as features for writer identi&#64257;cation. By
combining directional features, grapheme, and run-length
information, yielding, on the different data set, Top-1 writer
identi&#64257;cation rate varies from 29% to 89% percent.
In [13] the writing was divided into a large number of
small sub images and the sub images that were morphologi-
cally similar were grouped together into same class. Authors
used co-relation similarity for clustering the small sub-
images. The pattern which occurs frequently was extracted.
The authors [13] used Bayesian classi&#64257;er to identify the
author of unknown writing.
In [14] authors introduced a set of features that was
extracted from the contour of hand written document images
at different observation levels, i.e., global and local. For
the global level features the author extracted the histograms
of chain code, the &#64257;rst and second order differential chain
codes and the the histogram of the curvature indices at each
point of the contour of handwriting. At the local level, the
handwritten text was divided into a large number of small
adaptive windows and within each window the contribution
of each of the eight directions (and their differentials) is
counted in the corresponding histograms. Identi&#64257;cation was
performed by computing the distance between the query
image and all the images in the dataset.
Though a large number of people in the world use Indic
scripts, to the best of our knowledge, there is only two pub-
lished research work on Indic script [15], [16] in the context
of writer identi&#64257;cation. Garain and Paquet [15] proposed an
AR co-ef&#64257;cient feature based writer identi&#64257;cation system for
40 Bangla writers. They have used at least 200 words per
writer for training and testing their system. But very often
a questioned document is deprived of such huge number of
hand written words.
Chanda et al. [16] proposed an text independent writer
identi&#64257;cation system for Bangla script. Discrete directional
features and gradient features were used for writer identi&#64257;-
cation. They have used at least 50-60 words per writer for
training and testing their system for 104 writers. Each of
the characters (symbols and modi&#64257;ers) of the word was seg-
mented into an individual character/character allograph. That
means they have to consider too many character/character
allograph. In both of the works [15], [16] authors have not
also tested their system with unknown data, i.e., they did
not de&#64257;ne any condition to determine that a given writing
is of unknown writer.
We intend to analyse a handwritten Indic (Bangla) script
with lesser amount of information. Here we extract Radon
transform projection pro&#64257;le from two types of fragments
(fragment set-A and fragment set-B). This projection pro&#64257;le
is used for identi&#64257;cation/veri&#64257;cation.
</p>
<h2>B. Feature Extraction</h2>

<h1>III. PROPOSED APPROACH</h1>
<p>
We have started with the gray image of the handwritten
documents. Next it is converted to binary image, (I) by
the well-known global thresholding algorithm [17]. The fol-
lowing subsections describe the extraction of the fragments
from the writings, extraction of features from each fragment,
identi&#64257;cation strategy and veri&#64257;cation strategy.
</p>
<h2>A. Extract the fragments from the writings</h2>

<h3>1) Fragment set-A: Compute the connected components</h3>
<p>
of the binarized image, (I). Compute mean width, bw of the
connected components and keep those set of components
whose width bw and width Th . Here Th is chosen as 15.
This threshol&#8804;d, (Th) is chose&#8805;nto eliminate the punctuations
(too small symbols like period, comma, semi-colon etc.)
because their appearance may not vary with different writers
and hence not useful for the purpose of identi&#64257;cation. Each
of the detected symbols has to be resized to m n. We have
used the size 60 40. See Figure 2, here frag&#215;ment set-A is
extracted from th&#215;e hand written documents of Figure 1.
</p>
<h3>2) Fragment set-B: Compute connected components of</h3>
<p>
the binarized image, (I). Remove those set of components
whose width Th. As explained in subsection-A(1) to
eliminate too&#8804;small symbols, Th is chosen to be 15. Now
remove fragment set-A from it and consider each of the
connected components. Find the vertical projection pro&#64257;le.
Cut the components vertically from the local minimas of
the vertical projection pro&#64257;le. After cutting, remove the
components whose width is less than or equal to Th. See
Figure 3, fragment set-B is extracted from the handwritten
words of Figure 1.
</p><p>
Consider each of the extracted fragments and resize it
to m n. Here we have resized each of the fragments
to 60 &#215; 40. The size of the feature vector for a m n
image &#215;will be the length of its diagonal. Compute Ra&#215;don
transform projection pro&#64257;le of the resized fragments for
the orientations 00, 450, 900, 1350. A projection of a two-
dimensional function f (x, y) is a set of line integrals. The
radon transform [18], [19] computes the line integrals from
multiple sources along parallel paths, or beams, in a certain
direction. The beams are spaced 1 pixel apart. To represent
an image, the radon function takes multiple, parallel-beam
projections of the image from different angles by rotating the
source around the center of the image. For example, the line
integral of f (x, y) in the vertical direction is the projection
of f (x, y) onto the x-axis; the line integral in the horizontal
direction is the projection of f (x, y) onto the y-axis.
Projections can be computed along any angle, &#952;. In
general, the Radon transform, R&#952; of f (x, y) is the line
integral of f parallel to the y -axis. Size of the feature vector
for each orientation will be the size of diagonal.
&#8734;
R&#952;(x) = f (x cos(&#952;)
y sin(&#952;), x sin(&#952;) + y cos(&#952;))dy
&#8722;
(1)
&#8722;&#8734;
where
x cos(&#952;) sin(&#952;) x
y = sin(&#952;) cos(&#952;) y
&#8722;
</p>
<h2>C. Identi&#64257;cation Strategy</h2>
<p>
For the task of writer identi&#64257;cation we calculate score
of written document image of an unknown writer against
each of the written document of the reference base. Extract
fragment set-A and fragment set-B from test handwritings
(see subsection III-A) and extract features from each of the
fragments. Compute Euclidean distance from each of the
fragments to the reference base.
</p><p>
Compute a distance matrix, M for each feature vector
of unknown writer to the feature vectors of reference base.
Here rows in M are the data points for the test document
image and columns are the data points for the reference base
images and the cells represents the distance between the test
data point and reference base data points. Wid is a 1D vector,
size of this vector is same as of the total number of features
in the reference base. These values are used as an index of
writer corresponding to the extracted features in reference
base. The score for the test document image against each
document image in reference base is calculated as follows:
Step 1: Compute a row vector, R from the M by
choosing the minimum values from each column of M. See
Figure 4, where horizontal axis represents the data points
in reference base and vertical axis represents the minimum
value (distance) of each column of distance matrix.
Step 2: Choose those set of indexes, Idx from R where
R Th1. See next subsection for threshold (Th1) selection.
&#8804; Step 3: Choose those set of values from Wid, for
indexes Idx. Compute the histogram of the chosen values.
The corresponding index of the peak in the histogram from
Wid will be the writer-id for the test document.
</p>
<h2>D. Veri&#64257;cation Strategy</h2>
<p>
The goal of veri&#64257;cation strategy is to improve the accuracy
of the proposed approach. The purpose of veri&#64257;cation is to
ascertain if the two writing is written by same writer or
not. Extract the features i.e., fragment set-A and fragment
set-B from both the writings. Compute the distance between
the features of two writings. If the computed distance is
less than a prede&#64257;ned threshold then the writer is present
in the reference base. The threshold values are computed as
follows:
Step 1: Compute the histogram for the vector, R. Find
the index, Idx of peak from the histogram. The threshold is
computed as follows: Th1 = Idx/2.
</p><p>
Step 2: Compute the histogram of Wid and compute
the average number of occurrences, Wavg for an element
(writer) within Wid.
Step 3: Choose those set of indexes, Ifid from R,
where distances is less than or equal to Th1. Compute
the histogram for Wid(Ifid). If the peak value for this
histogram is greater than or equal to Wavg then Th1 is used
as threshold. If threshold calculation is not possible then the
writer for the test writing is not present in the reference base.
</p>
<h1>IV. DATASET DETAILS AND EXPERIMENTAL RESULT</h1>
<p>
Since there is no standard benchmark Bangla handwritten
database for writer identi&#64257;cation, we have created our own
Bangla hand written database (BESUS Database).
The BESUS database consists of images of writings of
55 writers. Every writer has four samples on two different
topics. Here the topic for the writings is so chosen that most
of the basic Bangla characters are present in the writings.
One of the samples is shown in Figure 1. Fifty percent
of the total writers of the database are female and the
remaining writers are male with the age group varying from
21 years to 23 years. We have taken one sample per writer
in the reference base and remaining samples are used as
test document. The content of test document is not same
as of sample document and it consists of approx 90-110
words. Table I shows the performance result. Later, we have
considered two or three sentences consist of 20-30 words
from a test handwritten script (see Figure 5 as an example).
Table II shows the performance result for the lesser amount
of information. For veri&#64257;cation purpose half of the writings
of the database is used for the reference base and remaining
is used for test document image.
Though there are many research work on writer identi&#64257;ca-
tion for non Indic scripts, only two work [15], [16] has been
reported in the context of Indic scripts. Both of the work has
not de&#64257;ned any condition for the unknown writings. Here
true acceptance rate (TAR) and false rejection rate (FRR)
is used for comparing the proposed approach with others.
Table III shows the comparison results.
</p>
<h1>V. CONCLUSION</h1>
<p>
Experimental results have demonstrated that our method is
meaningful for writer identi&#64257;cation for Bangla handwritten
scripts. The method works well but few limitations of this
method is that if the total number of writer or documents is
</p><p>
increased then memory requirement for the reference base
is also increased. We plan to solve above limitations in our
future work. We are also trying to increase the number of
writers for experimentation. Proposed approach is tested for
the scripts of 90-110 words and 20-30 words separately
and identi&#64257;cation results achieved are 92.72% and 80% re-
spectively. Possible extensions of this work may include the
identi&#64257;cation of small sized handwritten documents (ransom
notes, threatening letters etc.). The authors are currently
working in this direction.
</p>
</content>
