<?xml version="1.0" encoding="UTF-8"?>
<content>

<h1>I. INTRODUCTION</h1>
<p>
In 2011, document logical restructuring environments are
desired more than ever, however very few systems emerged
and existing ones are not generic at all and/or suffer from
strong inertia, i.e., it is very difficult and time consuming to
adapt new document classes. For instance, researches about
recovering logical structures from electronic documents all
target at customized restructuring tasks for very specific sets
of documents [1, 2, 3, 4].
A generic and efficient system should provide
functionalities such as interactive learning environments and
assisted acquisition of document models. However, in
current approaches, document models are either edited
manually, a laborious task that has to be done by an expert
user, or compiled from large sets of ground-truthed data, that
have to be manually acquired during a demanding labeling
phase. Note that compiled models tend to be static since they
are tightly coupled to their ground-truthed data and,
consequently, any model update requires much effort.
To put it in a nutshell, the creation of document models is
one of the most time consuming tasks when researchers and
end-users want to recover structures from documents. There
is a lack of 1) flexible tools with user-friendly interfaces and
visual feedbacks of users&apos; actions and, 2) recognition
improving with iterative use and models being refined
incrementally. As a consequence, our researches led to the
development of a complete and innovative document logical
restructuring system called Dolores.
This paper is organized around five main sections.
Section II first emphasizes the philosophy that guided us
during the development of Dolores. Section III presents the
interface of Dolores, its dynamic and interactive labeling
environment. Section IV dissects the learning system
integrated in Dolores. Section V gives a deep evaluation of
our learning environment. And finally, Section VI briefly
</p><p>
concludes by underlying the achievements of Dolores and
foreseeing some ideas for potential improvements and
extensions
</p>
<h1>II. DOLORES&#8217; PHILOSOPHY</h1>
<p>
Human beings are able to cope with new situations by
using their knowledge; they learn through experiences and
improve their own knowledge incrementally. In document
analysis, new situations are also inevitable because there are
an infinite variety of documents and, therefore, it is
unconceivable to develop a universal system able to
recognize any document structure a priori. Based on this
assumption, a strategy similar to the &#8220;human way of
learning&#8221; should be applied to the recognition of document
structures. Accordingly, an incremental learning mechanism
based on an interactive system (used to gain experience)
seems the right path to follow.
In this sense, Dolores subscribes to the CIDRE -
Cooperative and Interactive Document Reverse Engineering
- [5] philosophy which precisely advocates the idea that an
analysis system does not work in a fully automatic way, but
cooperates with the user. Thus, Dolores provides an intuitive
human-computer interaction: the system first proposes a
solution, second, the human performs some correction, and
third, the system analyzes the correction and adapts its model
consequently, in order to propose a better solution.
On the one hand, interactions increase the efficiency of
the system incrementally by learning from users&apos; feedbacks,
and by dynamically adapting itself to the document
characteristics. On the other hand, users take full benefit
from the visualization, by rapidly retrieving and correcting
analysis errors.
The CIDRE philosophy was successfully applied in
2(CREM) [6], where the users can supervise the analysis of
logical structures using the xmillum graphical user interface
[7]. Dolores precisely takes its roots in 2(CREM) and
replaces its rules-based built-in system with a dynamic
learning approach.
</p>
<h1>III. THE INTERACTIVE LEARNING ENVIRONMENT</h1>
<p>
OCD Dolores &#8211; OCD DOcument LOgical REStructuring
&#8211; is a high-level restructuring environment able to recover
the logical structures from any textual document such as
newspapers, scientific papers, journals, magazines, e-books,
etc. OCD Dolores is based upon the OCD [8] file format
(whereas previous versions used XCDF [9]), an XML
representation able to efficiently store the content, layout and
</p><p>
physical structures extracted and recovered from electronic
documents (thanks to XED [8]).
OCD Dolores integrates an innovative learning system
supported by a GUI allowing document models to be
inferred from interaction. User actions provide knowledge
which is instantly injected in the model and reflected through
the GUI in order to speed-up and simplify further user
actions. In practical terms, the interface offers powerful
labeling facilities by assisting the user thanks to visual hints;
i.e., the user interactively improves the document model by
checking color labels assigned to OCD text blocks and by
correcting potential recognition mistakes. In order to keep
Dolores intuitive and user friendly, all the learning system
complexity and processing is &#8220;left behind the curtain&quot;.
Figure 1 shows the interface of Dolores, which highlights
OCD text block labels with color shades. Labels are
dynamically assigned by the recognition system to the text
blocks. The user can assign or create new labels by right-
clicking on a text block (popup menu). Labels confirmed by
the user (a simple click on them) have thin surrounding
stroked rectangles meaning that their corresponding text
blocks are integrated in the model training set.
</p><p>
Each time a label is confirmed by the user, the document
model is updated &#8220;on the fly&#8221; and the interface is refreshed
accordingly (by assigning label modification, if any, to text
</p><p>
blocks). Such dynamic labeling of text blocks allows the user
to visually estimate the accuracy of the model by observing
the assigned colors. Additionally, a confidence value,
corresponding to the degree of certainty given to a label, is
shown as a percentage rate when the mouse cursor hovers a
text block (cf. Figure 1). Poor confidence values are
highlighted by simply displaying them on top of their text
blocks. Benefiting from these visual hints, the user can
decide to improve the document model either by labeling
some misclassified text blocks (with the contextual popup
menu), or by validating a text block having a low confidence
rate (simply by clicking on it). A user can also confirm a
page or even a complete document with a single click once
all the page/document labels are correctly assigned by the
model (thus feeding the model instantly).
Once the recognition error is deemed to be significantly
low, the user can apply the inferred model on untrained
documents to recognize their logical structures. In case of
recognition errors the document model can still be improved
by re-labeling some misclassified text blocks, thanks to the
incremental learning facilities of Dolores.
</p>
<h1>IV. MODEL AND LEARNING SYSTEM</h1>
<p>
The features and functionalities of our interface implied
to take some crucial considerations into account when
developing our backing learning system. Both learning and
classification processes have to be performed very efficiently
because OCD Dolores must ensure an interactive response
time, i.e., the processing time after each action must be
reasonably short. In order to fulfill such needs, we elaborated
our own neural network. Our document model is hence
inferred by the set of confirmed labeled text block samples
feeding a neural network.
The extracted set of features from the text blocks is
therefore a key issue of our system, which is precisely the
subject of the next subsection, while the neural network
configuration is described in the second subsection.
</p>
<h2>A. Extracted Features</h2>
<p>
The artificial neural network integrated in Dolores
defines a statistical document model which requires a set of
training samples. Thus, we defined a set of about 60 features
used to extract our samples from the ground-truthed data
(i.e., confirmed labeled text blocks):
Morphological features: text block min-x, min-y, max-
x, max-y, center-x, center-y, width, height, width/height, text
rotation, etc.
Structural features: font-size, font-style, interline,
justification, number-of-tokens, number-of-lines, tokens-per-
line, etc.
Syntactical features: percentage of caps, letters,
numbers, symbols, spaces, etc.
Relational features: font sizes of adjacent blocks (N, E,
S, W), widths of adjacent blocks, distance to adjacent
images, widths of adjacent images, etc.
Dynamic features: they are dynamically generated
during the labeling process when Dolores encounters some
new text block attributes: font-name, font-size, font-color,
</p><p>
and background-color. The number of features therefore
increases during the model acquisition.
</p><p>
Beside the aforementioned set of features, OCD Dolores
offers the user to define customized features of two different
types: region and regex features.
A region feature is a rectangular area interactively
defined by the user. The returned value is the overlapping
percentage between the bounding box of a text block and the
rectangular region.
Similarly, a user can create a regular expression feature
(or regex) by editing a text field using the Perl regex syntax.
The value returned by a regex feature is the number of
regular expression matches found in a text block.
</p>
<h2>B. Sugarcube Multilayer Perceptron</h2>
<p>
The document model of Dolores integrates what we call a
&#8220;sugarcube multilayer perceptron&#8221; or SMLP. Actually,
standard MLPs have some undesirable properties: they need
manual configuration and fine tuning to perform efficiently.
Moreover, they are black boxes: while the pure logic of an
MLP is clearly defined and understood, it is not possible to
grasp the meaning underlying the network decisions, i.e., the
embedded knowledge of an ANN is far from explicit. We
therefore developed a neural network solving such issues.
The aim of an SMLP is hence twofold: first, facilitating the
neural network configuration by removing any manual
settings and, second, unveiling the black box of MLPs by
providing an interactive visual feedback highlighting the
relevance of input features relative to output classes.
</p><p>
Note that the following considerations result from two
years of experimentations we did during the development
phase of OCD Dolores. Things are exposed as is without
deep explanation since the SMLP is the subject of an
upcoming paper.
The SMLP topology is presented in Figure 2: one input
layer fully connected to a first hidden layer, followed by
partially connected hidden and output layers. The exclusive
set of hidden neurons allocated to each output neuron allows
</p><p>
an SMLP to behave as a set of distinct MLPs, each one of
them dedicated to single label recognition. We found that
such topology enables output neurons to develop their own
decision boundaries in total freedom whereas frequent
classes tend to overcome the whole network with standard
MLPs.
SMLPs need very few learning cycles to achieve their
training phase, a real advantage when working with
responsive environments. Moreover, the proposed network
topology is able to efficiently deal with very few training
samples, which is also a key issue in an interactive
environment where the training data is progressively
integrated, i.e., the training set is very small at beginning.
Our SMLP implementation roughly follows the Duda-
Hart &#8220;Pattern Recognition&#8221; book guidelines (normalization,
weights initialization, learning momentum, weight decay,
activation function, backpropagation training). However,
parameters such as learning rate, number of hidden neurons
and number of training cycles are dynamically set by our
system (which is not the subject of this paper). The neural
network thus performs in complete autonomy, hiding any
learning intricacies from the user. Still, note that an SMLP
tries to avoid overfitting by minimizing the number of
learning cycles needed to efficiently recognize the ground-
truthed data.
</p><p>
Last, but not least, the knowledge integrated in an SMLP
is available through an interface allowing users to appreciate
the discriminating power of each input feature by back
propagating link weights relatively to a selected output
neuron (see Figure 3).
</p>
<h1>V. EVALUATION</h1>
<p>
This section assesses the usability and efficiency of OCD
Dolores through the evaluation of a set of concrete
experiments. Unfortunately, standard evaluation protocols
are of no use in our case, since existing offline learning
systems evaluate their recognition performance thanks to
batch processes performing cross-validation on
groundtruthed data. Dolores can&apos;t apply such an evaluation
protocol because it is based on an interactive learning
system.
A specific protocol has therefore been defined to evaluate
our interactive system. For this purpose, we use a set of five
documents per evaluation; the first three documents are used
to infer the document model, whereas the two last ones are
</p><p>
only used to appreciate its performance. The evaluation
protocol adopts the following procedure: the first document
is entirely integrated in the model through the interactive
labeling; the recognition rate is computed after each user
action and reported on a bar chart showing the evolution of
the model relatively to the number of labeled objects, i.e.,
user actions. This basic model is then applied to the second
document, the recognition rate is again reported, however,
only the misclassified text blocks are labeled by the user and
integrated in the document model, i.e., the document model
is incremented. The same process is applied to the third
document. Finally, the fourth and fifth documents are only
used to observe the performance of the document model by
looking at the classification matrices and recognition rates.
We evaluated OCD Dolores over five different document
classes, going from very basic to quite complex layouts:
Swiss TV Schedules, E-books, Wikipedia Articles, Scientific
Papers, and Newspapers. For concision purpose, we only
detail the E-books and Newspaper evaluations because of
their significance (note that the 3 remaining evaluations also
give very satisfying and comparable results).
</p>
<h2>A. Inferring an E-book Model</h2>
<p>
We downloaded five PDF e-books from planetpdf.com,
each of them composed of parts and chapters : &#8220;Nostromo: A
Tale of the Seaboard&#8221;, &#8220;Crime and Punishment&#8221;, &#8220;Madame
Bovary&#8221;, &#8220;Sons and Lovers&#8221;, and &#8220;Anna Karenina&#8221;.
Following our evaluation protocol, we labeled the first e-
book; Figure 4 shows the evolution of the recognition rate
relatively to the number of labeled objects. Note that a
labeled object is the action of labeling a text block, or
integrating a page/document (used when all the text blocks
of a page/document are correctly recognized). One can
observe that 13 labeling were enough to achieve a full
recognition of the first e-book. The second e-book was then
classified thanks to the previously inferred document model
and resulted in a recognition rate of 99,98%. The
classification matrix of Figure 5 shows that there was only
one misclassified text block.
</p><p>
Using the incremental learning facilities of Dolores, we
simply labeled the misclassified text block to increment the
existing document model. This updated model was then
successfully applied on &#8220;Madame Bovary&#8221; since we got a
recognition rate of 100%. We therefore left the document
model unchanged and, again, applied it successfully on
</p><p>
&#8220;Sons and Lovers&#8221; and &#8220;Anna Karenina&#8221; (recognition rate of
100% in both cases).
These e-book documents have a simple logical structure
and a basic layout; moreover, they have low intra-class
variability which explains the perfect recognition on
untrained documents.
</p>
<h2>B. Inferring a Newspaper Model</h2>
<p>
The newspaper class has a rich layout as well as a deep
logical structures; it is therefore a case study class for a
representative evaluation. We downloaded five consecutive
PDF versions of the Swiss newspaper &#8220;La Libert&#233;&#8221;, from the
5th to the 9th of January 2009. &#8220;La Libert&#233;&#8221; is composed of
many different parts including advertisements, funerals, and
stock exchange pages. Thus we decided to extract a
predefined subset of pages from each newspaper consisting
of both the International and National parts (i.e., about five
pages for each publication).
</p><p>
Figure 6 shows that the first newspaper publication was
completely recognized after 27 labeling actions. Note that
the action number 10 results in a sudden recognition drop.
This is due to the fact that a new text block label was created,
and, consequently, the system was faced with one more class
to recognize (resulting in an increased source of recognition
errors). This first document model version was then applied
on the second newspaper in order to appreciate its accuracy.
A recognition rate of 90.8% was achieved; Figure 7 shows
the corresponding classification matrix.
</p><p>
Part of misclassified text blocks were hence integrated in
an updated version of the model, i.e., incremented with the
second newspaper. This model was then applied on the third
newspaper; the recognition rate increased up to 96.0%. Once
again, the document model was incremented with
misclassified text blocks in order to obtain a better
newspaper model. Finally, the resulting model was applied
on the two remaining newspapers of our set. Recognition
rates of 100% and 98.8% were obtained, respectively.
</p><p>
We observed that the last newspaper had three
misclassified text blocks: one &#8220;advertisement&#8221; text block was
classified as &#8220;author&#8221; and two &#8220;caption&#8221; were classified as
&#8220;page-nb&#8221;. These errors are easily interpretable; indeed,
advertisements have irregular layouts using lots of various
font sizes and styles, which may induce the document model
in error. Furthermore, the two misclassified captions were
quite unusual since only composed of single numbers, a
property that is precisely used as a discriminant feature for
the &#8220;page-nb&#8221; label class (see Figure 8).
</p><p>
Document Class Recognition
Until now, we applied document models presupposing that
we knew the class of a given document. An exciting issue
would now be to identify the model of a document given a
predefined set of models. We did this by applying iteratively
each model to a document; the one maximizing the
recognition outputs of the SMLP weighted by the output
class probabilities (inferred from the training set) being
elected.
Hence, we applied our five inferred models on our 10
untrained documents. Figure 9 show that the model
</p><p>
confidence is always the highest when corresponding to its
document class. This experience is crucial because it proves
that the class of a document can be identified given a set of
predefined document models. Such results assesses the
reality of fully automatic restructuring systems using pre-
defined document models.
</p>
<h1>VI. CONCLUSION</h1>
<p>
This paper presented OCD Dolores, an innovative system
facilitating and speeding up the creation of document models
thanks to an interactive and dynamic learning environment.
Presented evaluations precisely emphasized the efficiency
and relevance of our system; they clearly showed us to carry
on this way. Two tools based on OCD Dolores will soon see
the light: the first one able to reinject recovered structures
into PDF files and the second one allowing PDF documents
to be reflowed as electronic books (EPUB 3.0).
</p>
</content>
