<?xml version="1.0" encoding="UTF-8"?>
<content>

<h1>I. INTRODUCTION</h1>
<p>
Optical Character Recognition (OCR) involves more than
classi&#64257;cation algorithms. All stages in the process contribute
to the automatic recognition. This includes the acquisition,
binarization, page segmentation or zoning, character seg-
mentation, feature selection, training data, classi&#64257;cation al-
gorithm, and possibly post-processing. Many of these stages
seem like they should be straight forward, and yet they have
been researched for a long time, and continue to be topics
of research. For ICDAR 2011 Lamiroy et al. [8] evaluated
OCR system components in an end-to-end environment and
asked groups to contribute new algorithms to see what
component would have the greatest effect on the &#64257;nal
recognition results. Two groups participated, contributing
&#64257;ve total algorithms for evaluation. The conclusion was that
while the choice of OCR algorithms had the greatest effect
on results of the algorithms contributed for consideration in
the contest, a binarization algorithm had the most signi&#64257;cant
positive impact of contributed algorithms on improving the
end-to-end performance.
Early seminal papers evaluating document image bina-
rization looked at the performance of the OCR when the
images were binarized by different algorithms to determine
which binarization algorithm performed the best [15]. This
</p><p>
has been criticized as being a metric of how well the
binarization output &#64257;ts with the remainder of the OCR
processing, and not a direct measure of the binarization
algorithm itself. Later work generated synthetic images and
degraded them with a degradation algorithm [14]. These
images after binarization with several algorithms were then
compared to the original non-degraded images to evaluate
the binarization algorithms. This however doesn&#8217;t compare
just the binarization results, because the effects of stroke
width changes and corner erosion on the character caused
by the blurring degradation were not accounted for in the
&#8216;ground truth&#8217;. The next step was the pixel accurate ground
truth proposed by Ntirogiannis et al. [11]. This was created
by running a binarization algorithm developed by Kamel et
al. [7] on the document, skeletonizing the ground truth [9],
and then doing some manual correction on the skeleton as
the authors deemed necessary.
The continued interest in image binarization was high-
lighted at ICDAR in 2009 when 35 research groups con-
tributed 43 algorithms for evaluation in the &#64257;rst Document
Image Binarization Contest (DIBCO 2009). Since then sev-
eral more papers have appeared in the literature on the
topic, and two more document image binarization contests
have been held (H-DIBCO 2010 [12] &amp; DIBCO 2011 [13]).
The DIBCO contests have in many ways changed the way
people are approaching image binarization. This paper starts
to explore how the presence of pixel accurate ground truth
could affect algorithm development.
</p>
<h1>II. GROUND TRUTH DEVELOPMENT</h1>
<p>
For DIBCO 2009 a set of 2 handwritten and 2 machine
printed documents were provided, each with an accompany-
ing ground truth image. From these the competitors were to
&#64257;ne-tune their algorithms and submit executable code that
was evaluated on a set of 5 handwritten and 5 machine
printed documents which also had accompanying ground
truth. The ground truth images were created based on a semi-
automated procedure [11]. The data set used in DIBCO 2009
has spawned much work in image binarization. It allows a
different set of questions to be asked, and perhaps answered,
in the &#64257;eld of document image binarization. As it produces
a very precise and speci&#64257;c dataset, down almost to the
microscopic level, in a way never before available to this
</p><p>
research community, it is having an effect on binarization
algorithm development. The algorithms being developed are
attempting to match that dataset and achieve high evaluation
metric scores. The algorithms likely to be adopted by others
will likely be those that perform well on that dataset. But as
the choice of ground truth was shown in [4] to be open to
interpretation, and not a single choice, as the term ground
truth implies and its status as an exemplar advocates, this
paper explores what effect that might have on binarization
algorithm design.
</p>
<h1>III. DICE CLASSIFIER</h1>
<p>
An algorithm designed for document image content ex-
traction (DICE) [1] was adapted for this analysis. The DICE
classi&#64257;er is a family of algorithms, able to &#64257;nd regions
containing machine-printed text, handwriting, photographs,
etc. in images of documents [3]. The algorithms handle a
diverse set of document, image, and content types. Types
of document images accepted include color, grey-level, and
bilevel (black-and-white); also, many sizes or resolutions
(digitization spatial sampling rates); and in a wide range
of &#64257;le formats (TIFF, JPEG, PNG, etc.). All images are
converted into the HSL (Hue, Saturation, and Luminance)
color space.
The DICE classi&#64257;er operates on a trainable iterated
classi&#64257;cation technology, using a sequence of classi&#64257;ers,
each trained separately on the training-data results of the
previous classi&#64257;er, guided always by the same pixel accurate
ground truth. Both training and test datasets consist of pixels
labeled with their ground-truth class. The fast approximate
5 Nearest Neighbors using hashed k-d trees [5] is used for
classi&#64257;cation. Individual pixels, not regions, are classi&#64257;ed
in order to avoid the arbitrariness and restrictiveness of
region shapes in page segmentation. Each pixel sample is
represented by scalar features extracted by image processing
of a small region centered on that pixel. The features are
discussed in detail in [2]. As binarization is a form of
page segmentation, separating text from background, this
classi&#64257;er is used to examine the effect of ground truth on
the binarization output.
It is hypothesized that the characteristics of the ground
truth provided in this dataset is affecting the development of
binarization algorithms. It was found that when the DICE
classi&#64257;er was used for page segmentation, the algorithm
was sensitive to the ground truthing (GT) policy, whether
the GT was &#8220;loose&#8221;, &#8220;tight&#8221; or pixel-accurate. It was con-
cluded that pixel accurate ground truth provided the best
segmentation results. As most classi&#64257;ers are sensitive to
the training data, this is not surprising. The objective is
to begin to quantify how the development of a prominent
ground truth dataset for image binarization might affect
future binarization algorithm development. As the effect on
indirect development by humans is not so easy to quantify,
especially in a short period of time as has passed since the
</p><p>
DIBCO 2009 dataset was introduced. Using a classi&#64257;cation
based binarization algorithm, while not a perfect substitute
for years of human development, can mimic some of the
iterated design processes humans will go through with a
dataset.
</p>
<h1>IV. EXPERIMENT</h1>
<p>
For this study only two classes, machine printed text and
blank space, were used for the DICE classi&#64257;er. The &#64257;ve
machine printed images that were provided as the test images
for DIBCO 2009 and eight from DIBCO 2011 are used for
experimentation. Partially due to ink seepage, especially for
liquid inks, and signi&#64257;cantly due to imaging system optics
taking their response from an area on the paper around the
sensor location, a zone of mid-range tones will be present
in the gray level (or color) images, Figure 1. The places
where binarization has the greatest uncertainty is along the
boundaries where ink transitions to paper. This can lead to
variable opinions about the ground truth [4]. Therefore in ad-
dition to considering the original machine printed DIBCO09
and DIBCO11 ground truths, two alternate ground truths
were created for experimentation in this paper to simulate
the effect of a difference of opinion on the ground truth.
This is used to see what effect the choice of ground truth
could have on image binarization. The &#64257;rst was by dilating
the ground truth with a 3x3 structuring element, and the
second by eroding the ground truth with the same structuring
element. This produces one ground truth that is biased to be
broad, one in the middle, and one that is very conservative.
Training of the DICE segmenter was done in a leave-one-
out method on the images in the dataset under consideration.
The trained segmenter was then run on the remaining gray
level or color image from that set. The resulting binarized
image was then compared to three possible ground truths
for that image. The metric results were averaged over the
13 images. Eight metrics were used for evaluation.
</p>
<h2>A. Evaluation Metrics</h2>
<p>
There are many metrics used to evaluate the similarity (or
difference) between a pair of images. Many are designed
for natural scene pictures, but will return information useful
for describing the difference between binary images. In
the DIBCO 2009 competition four evaluation metrics were
introduced: F-Measure, Negative Rate Metric, Peak SNR
and Misclassi&#64257;cation Penalty Measure. For the H-DIBCO
competition in 2010 Recall was replaced with a pseudo-
Recall term to produce a &#64257;fth metric, pseudo-F-Measure.
DIBCO 2011 saw the introduction of the Distance Recipro-
cal Distortion Metric.
F-Measure (FM): This metric is the same as used
&#8226; in information retrieval and was used as the primary
metric for [6]. F-measure is derived from the harmonic
mean of Precision and Recall
2 Recall P recision
F M =
&#8727; &#8727; .
(1)
Recall + P recision
</p><p>
Recall is the proportion of correctly binarized fore-
ground pixels within the true foreground pixels. When
Recall is 100%, there are no false negatives and thus
no ink elements were incorrectly classi&#64257;ed as paper.
Precision is the proportion of true foreground pixels
within the binarized foreground pixels. When Precision
is 100% there are no false positives and no paper
elements were incorrectly classi&#64257;ed as ink. A higher
F-measure indicates a better match.
Peak SNR (PSNR) looks at how many pixels in the test
&#8226;
image differ from the ground truth image values, and
by how much. This metric is based more directly on
the image difference and is calculated by
C2
P SN R = 10 &#8727; log10( M SE ), (2)
where the Mean Square Error (MSE) is calculated from
N M (I1(x, y) I2(x, y))2)
M SE = M&#8722; N (3)
x=1 y=1 &#8727;
and C is the difference between the foreground and
background colors. A higher PSNR indicates a better
</p><p>
match.
These two metrics look at misclassi&#64257;cation of pixels
in the image independent of their status as foreground,
background or border pixels. Because border pixels are the
ones that are hardest to de&#64257;nitively label as foreground or
background, and have the greatest variance in labeling by
human evaluators, three other metrics have been introduced
that consider the location of an error pixel relative to the
character boundary.
pseudo-F-Measure (p-FM). The H-DIBCO2011 contest
&#8226; used pseudo-Recall which was proposed in DAS 2008
[11]. The ground truth is skeletonized and the pixels in
the skeleton are used as foreground pixels in the calcu-
lation of pseudo-Recall. Pseudo-Recall is used together
with Precision to calculate the pseudo-F-Measure using
Equation 1.
Distance-Reciprocal Distortion metric (DRD) was pro-
&#8226; posed in 2004 [10]. The error is weighted by how far
the &#64258;ipped pixels are from other character pixels. The
weighting is based on a 5x5 square where the values
are the reciprocal of the Euclidean distance from the
center. This metric was shown to be correlated with
</p><p>
human perception of degradation level. A low DRD
score denotes that the algorithm is good at binarization.
Misclassi&#64257;cation penalty metric (MPM). Misclassi&#64257;ed
&#8226;
pixels are penalized by their l distance from the
ground truth object&#8217;s border. The&#8734;distances are normal-
ized by the sum of the pixel-to-contour distances of
the GT object across the background of the image. A
low MPM score denotes that the algorithm is good at
the global binarization, such as with stains and lighting
issues, and doesn&#8217;t penalize border errors.
</p>
<h2>B. Results</h2>
<p>
The results of the experiment are shown in Tables I and II.
The F-measure and the Peak SNR measures both show that
the binarization method designed (trained) with the ground
truth speci&#64257;ed performed best on that type of ground truth. In
pattern recognition, this is to be expected, but its appearance
here highlights the possible effects of having a dominant
ground truth.
The recall results shows that for each test policy, the
highest recall is achieved by using the dilated ground truth
for training and the highest precision is with an eroded
ground truth training. This is as expected based on the
de&#64257;nitions of precision and recall.
</p><p>
Table II shows the results for metrics that are designed to
consider the character borders. For none of the metrics does
</p><p>
the classi&#64257;er perfectly prefer the ground truth on which it
was trained. As the edge pixels contribute less penalty, and
edge pixels are what changes between ground truth sets in
this paper, this is reasonable. However the metrics are not
consistent in their choices.
Pseudo-Recall, similar to regular Recall favors training
with a dilated GT. It produces a much greater response than
regular Recall when the original or dilated GT is used in
evaluation. As these two cases are both strong, the p-FM
favors the training by original GT even when testing on
dilated GT.
DRD and MPM imply that the eroded GT is better for
overall performance based on the lowest of the nine scores.
The three edge tolerant metrics all favor a thin GT and will
penalize algorithms that produce wider strokes.
The results in Tables I and II do indicate that the original
GT provided is better than the globally eroded or dilated
results. It does not evaluate when a portion of the image
stroke is broader or narrower.
</p>
<h1>V. CONCLUSION</h1>
<p>
As binarization is an important step for most OCR sys-
tems, it is crucial that it be implemented effectively. If
a paradigm shift in the development of those algorithms
is being introduced into the Document Image Analysis
community, its possible effects need to be known.
</p><p>
The DICE classi&#64257;er is designed to segment documents
and while binarization is a type of segmentation, these
documents are not the type for which it was designed,
and the features used were not modi&#64257;ed to speci&#64257;cally
&#64257;t this dataset or to be particularly effective on stains or
show through. The F-Measure performance on DIBCO&#8217;09
data alone would rank it 8th in that contest. Its overall
performance is not as good as the top algorithms in the
DIBCO contests, still it is a useful tool to see how different
binarization ground truths affect binarization choices on the
pixel level. The performance of the classi&#64257;er on DIBCO
2009 images and on DIBCO 2011 images was different.
This needs to be evaluated more carefully to see the cause.
The results of these experiments do show that if F-
Measure and Peak SNR are primary metrics, it is likely that
differences in opinion about character edge boundaries will
appear in binarization algorithms directly following the GT.
The other metrics will cause a bias in the algorithm choice,
but not in a direct fashion.
Humans design their algorithms in ways that share some
characteristics with the DICE classi&#64257;er. They check their
intermediate algorithms performance against a dataset and
adjust it hoping that it will also work better on as yet
unseen datasets or images. And while the exact dataset may
not speci&#64257;cally play a role in the binarization algorithm
parameters or processes, it will have an in&#64258;uence on the
design.
Mixing pixel level results with overall system perfor-
mance is likely a better way to evaluate the binarization
algorithm. Perhaps having available end-to-end systems like
the DAE system will allow the binarization algorithms to be
tested in a &#8216;goal directed&#8217; fashion in conjunction with the
pixel accurate ground truth. The multiple follow-on stages
that are available might mitigate the worry that only the
speci&#64257;c interaction is being evaluated and not the power of
the binarization algorithm itself.
Future studies should try other classi&#64257;er based binariza-
tion algorithms, or modify the classi&#64257;cation features to better
support binarization goals. Long term the &#64257;t of binarization
results to DIBCO datasets and the in&#64258;uence on algorithm
development should be monitored. With the uncertainty
of pixel accurate ground truth, the binarization algorithm
effectiveness should be correlated with OCR accuracy.
</p>
</content>
