<?xml version="1.0" encoding="UTF-8"?>
<content>

<h1>1. Introduction</h1>
<p>
There is an increasing number of video databases on
the Internet and a reliable source of information for
searching and retrieval is the text that appears in the
videos. Video text consists of two types: graphic text
and scene text. Graphic text is artificially added to the
video during the editing process. Scene text appears
naturally in the scenes captured by the camera.
Although many methods have been proposed over the
past years, text detection is still a challenging problem
because videos often have low resolution and complex
backgrounds and text can be of different sizes, styles
and alignments. In addition, scene text is usually
affected by lighting conditions and perspective
distortions [1 &#8211; 3].
Text detection methods can be classified into three
approaches: connected component-based [4], edge-
based [5 &#8211; 9] and texture-based [10 &#8211; 14]. The first
approach does not work well for all video images
because it assumes that text pixels in the same region
have similar colors or grayscale intensities. The second
approach requires text to have a reasonably high
</p><p>
contrast to the background in order to detect the edges.
So these methods often encounter problems with
complex backgrounds and produce many false
positives. Finally, the third approach considers text as a
special texture and thus, uses fast Fourier transform,
discrete cosine transform, wavelet decomposition and
Gabor filters for feature extraction. However, these
methods require extensive training and are
computationally expensive for large databases.
In this paper, we consider three existing methods [7,
8, 15] for comparative study. Liu et al. [7] extract edge
features by using the Sobel operator. This method is
able to determine the accurate boundary of each text
block. However, it is sensitive to the threshold values
for edge detection. Wong et al. [8] compute the
maximum gradient difference values to identify
candidate text regions. This method has a low false
positive rate but uses many threshold values and
heuristic rules. Therefore, it may only work well for
specific datasets. Finally, Mariano et al. [15] perform
clustering in the L*a*b* color space to locate uniform-
colored text. Although it is good at detecting low
contrast text and scene text, this method is extremely
slow and produces many false positives.
We propose a text detection method which consists
of three steps: text detection, boundary refinement and
false positive elimination. In the first step, we identify
candidate text regions by using the Laplacian operator.
The second step uses projection profile analysis to
determine the accurate boundary of each text block.
Finally, false positives are removed based on
geometrical properties. Experimental results show that
the proposed method outperforms the above three
methods in terms of detection and false positive rates.
</p>
<h1>2. Proposed method</h1>

<h2>2.1. Text detection</h2>
<p>
Text regions typically have a large number of
discontinuities, e.g. transitions between text and
</p><p>
background. Therefore, the input image is converted to
grayscale and filtered by a 3 &#215; 3 Laplacian mask to
detect the discontinuities in four directions: horizontal,
vertical, up-left and up-right (Figure 1).
Because the mask produces two values for every
edge, the Laplacian-filtered image contains both
positive and negative values. The transitions between
these values (the zero crossings) correspond to the
transitions between text and background. In order to
capture the relationship between positive and negative
values, we use the maximum gradient difference
(MGD), defined as the difference between the
maximum and minimum values within a local 1 &#215; N
window [8]. The MGD value at pixel (i, j) is computed
from the Laplacian-filtered image f as follows.
</p><p>
MGD(i, j) = max( f (i, j &#8722; t)) &#8722; min( f (i, j &#8722; t)) (1)
</p><p>
where t &#8712; &#9122;&#9121;&#9123;&#8722; N2&#8722; 1, N2&#8722; 1&#9124;&#9125;&#9126; . The MGD map is obtained
by moving the window over the image. In Figure 2c,
brighter colors represent larger MGD values.
Text regions typically have larger MGD values than
non-text regions because they have many positive and
negative peaks (Figure 3). Therefore, we normalize the
MGD map to the range [0, 1] and use K-means to
classify all the pixels into two clusters, text and non-
text, based on the Euclidean distance between MGD
</p><p>
values. Let the two clusters returned by K-means be C1
(cluster mean M1) and C2 (cluster mean M2). Since the
cluster order varies for different runs, we have the
following rule to identify the text cluster. If M1 &gt; M2,
C1 is the text cluster; otherwise, C2 is the text cluster.
This is because it is expected that text regions have
larger MGD values than non-text regions. At the end of
this step, each connected component in the text cluster
is a candidate text region (Figure 2d).
</p>
<h2>2.2 Boundary refinement</h2>
<p>
It is difficult to determine the boundary of each text
block directly from the text cluster because of false
positives and connected text lines (Figure 4b).
Therefore, we compute the binary Sobel edge map SM
of the input image (only for text regions) (Figure 4c).
The horizontal projection profile is defined as follows.
</p><p>
HP(i) = &#8721; SM (i, j) (2)
j
If HP(i) is greater than a certain threshold, row i is part
of a text line; otherwise, it is part of the gap between
different text lines. From this rule, we can determine
the top row i1 and bottom row i2 of each text line. The
vertical projection profile is then defined as follows.
i2
VP( j) = &#8721; SM (i, j) (3)
i=i1
Similarly, if VP(j) is greater than a certain threshold,
column j is part of a text line; otherwise, it is part of
the gap between different words. Finally, different
words on the same text line are merged if they are
close to each other.
By applying this step recursively, we can determine
the accurate boundary of each text block, even when
the text blocks are not well-aligned or when one
candidate text region contains multiple text lines. At
the end of this step, each detected block is a candidate
text block (Figure 4d).
</p><p>
We eliminate false positives based on geometrical
properties. Let W, H, AR, A and EA be the width,
height, aspect ratio, area and edge area of text block B.
</p>
<h2>2.3. False positive elimination</h2>
<p>
AR = W / H
</p><p>
A = W &#215; H
</p><p>
(4)
</p><p>
(5)
</p><p>
EA = &#8721; SM (i, j) (6)
(i, j)&#8712;B
If AR &lt; T1 or EA / A &lt; T2, the candidate text block is
considered as a false positive; otherwise, it is accepted
as a text block. The first rule checks whether the aspect
ratio is below a certain threshold. The second rule
assumes that a text block has a high edge density due
to the transitions between text and background.
</p>
<h1>3. Experimental results</h1>
<p>
As there is no standard dataset available, we have
selected 101 video images, extracted from news
programmes, sports videos and movie clips, for our
own dataset. There are both graphic text and scene text
of different languages, e.g. English, Chinese and
Korean, in the dataset. The image sizes range from 320
&#215; 240 to 816 &#215; 448. The parameter values are
empirically determined: N = 5, T1 = 0.5 and T2 = 0.1.
For comparison purpose, we have implemented
three existing methods [7, 8, 15]. Method [7], denoted
as edge-based method, extracts edge features by using
the Sobel operator. Method [8], denoted as gradient-
based method, computes the MGD values to identify
candidate text regions. Finally, method [15], denoted
</p><p>
Figure 5 shows some sample results of the three
existing methods and the proposed method. Image (a)
has two low contrast text blocks. The edge-based
method fails to detect any text block because of the
problem of fixing threshold values for edge detection.
The gradient-based method detects the text blocks with
missing characters and inaccurate boundary. This
method uses many threshold values and heuristic rules
and thus, may only work well for specific datasets. The
</p>
<h2>3.1 Sample results</h2>
<p>
uniform-colored method detects the text blocks with
missing characters and produces many false positives
due to the problem of color bleeding. The proposed
method detects all the blocks correctly and even picks
up the low contrast logo of the television channel.
Image (f) has both graphic text (at the bottom left
and right corners) and scene text (at the top). The edge-
based method detects the graphic text but misses the
scene text. The gradient-based method also misses
some graphic text (the first graphic text line) and scene
text (the two scene text blocks at the top left and right
corners). The uniform-colored method produces many
false positives. The proposed method detects all the
text blocks correctly, except one at the top right corner.
One of the billboards on the road is also detected.
Figure 6 shows an image where the proposed
method fails to detect some text blocks. The red text on
the blue background is not detected because there is
very low contrast between these two colors in the
grayscale domain. The edge-based method and the
gradient-based method have the same problem because
they also use the grayscale image. By using the color
information, the uniform-colored method is able to
detect one of the two red text lines (&#8220;Life Alert&#8221;).
Figure 7 shows the results of the proposed method
for two different window sizes. A small window size
gives a low false positive rate but might miss some low
contrast characters (on the third line) (image (b)). On
the other hand, a large window size helps to recover
missing characters but also includes more false
positives (image (c)). In our experiment, N is set to 5.
</p>
<h2>3.2 Results on the dataset</h2>
<p>
We define the following categories for each
detected block by a text detection method.
&#8226; Truly Detected Block (TDB): A detected block
that contains a text line, partially or fully.
&#8226; False Detected Block (FDB): A detected
block that does not contain text.
&#8226; Text Block with Missing Data (MDB): A
detected block that misses some characters of
a text line (MDB is a subset of TDB).
For each image in the dataset, we manually count
the Actual Text Blocks (ATB), i.e. ground truth data.
The performance measures are defined as follows.
&#8226; Detection Rate (DR) = TDB / ADB
&#8226; False Positive Rate (FPR) = FDB / (TDB +
FDB)
&#8226; Misdetection Rate (MDR) = MDB / TDB
</p><p>
Tables 1 and 2 show the performance of the three
existing methods and the proposed method on the
dataset. The proposed method has the highest DR and
lowest FPR. It outperforms the edge-based method and
the uniform-colored method in all the performance
measures.
Compared to the gradient-based method, the
proposed method has better DR and FPR but worse
MDR. However, the slightly higher MDR might be
compensated by the significant difference in DR
between the two methods. If we consider the number
of fully detected text blocks, i.e. text blocks which do
not have any missing character, the proposed method
detects 458 &#8211; 55 = 403 blocks while the gradient-based
method only detects 349 &#8211; 35 = 314 blocks.
Therefore, the proposed method has achieved better
detection results than the three existing methods on the
dataset.
</p>
<h1>4. Conclusion and future work</h1>
<p>
We have proposed an efficient method for text
detection based on the Laplacian operator. The
gradient information helps to identify the candidate
text regions and the edge information serves to
determine the accurate boundary of each text block.
Experimental results show that the proposed method
outperforms the three existing methods in terms of
detection and false positive rates.
In the future, we plan to extend this method to text
of arbitrary orientation. Currently, the text detection
step can show white patches even for non-horizontal
text (Figure 8). However, the refinement step is only
able to detect the boundary for horizontal text because
of the use of horizontal and vertical projection profiles.
</p>
</content>
