<?xml version="1.0" encoding="UTF-8"?>
<content>

<h1>1. INTRODUCTION</h1>
<p>
One of the aims of the National Science Foundation (NSF)
division of Education &amp; Human Resources (EHR) is to support
curricular innovation in Science, Technology, Engineering and
Mathematics (STEM) education. Since 1999, NSF has provided
hundreds of millions of dollars of funding to well over 3,000
projects and Principal Investigators (PIs) to improve the quality of
STEM education for K-12 and undergraduate students. This
funding has primarily been dispersed in two NSF programs,
Transforming Undergraduate Education in STEM (TUES;
formerly the Course Curriculum and Lab Improvement (CCLI)
program) and the National Science Digital Library (NSDL) now
known as National Science Distributed Learning program. The
TUES/CCLI program funds PIs to create, test and encourage the
</p><p>
adoption of innovations to improve teaching and learning at the
undergraduate level [10]. The NSDL provides the STEM
education community access to these innovative educational
resources. Although both programs, especially the NSDL, are
designed to encourage the spread of educational innovations and
digital learning materials from the local to regional and national
levels, they have not proved to be especially successful in doing
so. CCLI innovations are for the most part not widely adopted by
STEM instructors as designed [2,4,6,9]. And a significant number
of STEM faculty members and instructors do not know about the
NSDL or its component collections or use them as mechanisms to
search for innovations, nor do they submit materials to these
education digital libraries (DLs) as a means for sharing their own
innovations. [1,7,8,9].
Over the past three years, two studies were undertaken to explore
the issues that affect PI&apos;s dissemination practices of digital STEM
learning materials. The CCLI Survey (administered in 2009) was
a study of all PIs who received funding from the NSF&apos;s CCLI
program from 2000 to 2009 (the program nomenclature was
changed to TUES in 2010) and focused on uncovering PI&apos;s
perspectives of their own dissemination activities: their views and
opinions about dissemination efforts; vehicles and strategies they
used and those they believed were most effective [9]. A Case
Study (2011-ongoing), is examining the careers of faculty who
developed digital courseware and who have been awarded the
Premier Award for Excellence in Engineering Education
Courseware. The Premier Award (PA) was initiated by NEEDS &#8211;
(now the Engineering Pathway) in 1996 and has been sponsored
by John Wiley and Sons, Microsoft Research, and others The PA
also received support from the NSF. The purpose of the Premier
Award is &#8220;to recognize high-quality, non-commercial courseware
designed to enhance engineering education.&#8221;[3] Since its
inception, over 120 courseware submissions have been reviewed
and 27 award winners and three finalist candidates selected. The
aim of the later study is to better understand the spread and impact
of technical and pedagogical innovations across engineering and
other related disciplines including the contexts within which
faculty attempt to disseminate their materials and the barriers they
face.
The CCLI Survey results provide a broad description of the
dissemination efforts of a large population of PIs&#8217; who received
CCLI funding, and it is anticipated that the qualitative research
associated with the Case Study of PA, winners will provide a deep
and rich description of digital courseware developers&apos;
dissemination contexts. Taken together, the two studies provide a
broad and deep set of data that may lead to a more complete
understanding of the process of dissemination, the context in
which it occurs and the digital and non-digital tools and
</p><p>
mechanisms that are successful in supporting adoption of digital
teaching and learning materials.
In this paper, we briefly describe the methodology for both
studies, report and discuss some of the preliminary results,
synthesize findings, and discuss implications for DL developers.
</p>
<h1>2. METHODS</h1>

<h2>2.1 Survey Study of CCLI PIs</h2>
<p>
In 2009, the 2,463 PIs who had received funding under NSF&apos;s
CCLI program since 2000 were surveyed regarding their beliefs
about effective dissemination, their dissemination activities, and
their opinions about dissemination practices and barriers.
Approximately half (49%) of those surveyed completed the entire
survey. The survey consisted of 14 questions, including
demographics. PIs were asked their opinions about dissemination
practices, those they used and preferred, and those they thought
were most effective. They also described what they believed to be
the successful outcome for dissemination and estimates of the
numbers of adopters or users of their materials. Using a five point
Likert scale (Not at all Successful &#8211; Extremely Successful)
respondents were asked to indicate opinions about the success of
various dissemination methods; respondents who did not use that
method were directed to select a Not Applicable response. The
dissemination methods were divided into two categories: 1)
traditional, academic ways of sharing knowledge, (i.e., peer
reviewed papers or conference papers), and 2) web-based options
(i.e., hosting a website or contributing to a DL.) Next, respondents
were asked about barriers to dissemination. Here, too, a five point
Likert scale was used (Not at All Important &#8211; Extremely
Important). Respondents provided open-ended details about
dissemination efforts and barriers to dissemination.
</p>
<h2>2.2 Case Study of Premier Award Winners</h2>
<p>
The mixed method research design for the Case Study relies upon
citation analysis, interviews, and content analysis of transcripts
and documents to answer several questions including &quot;What kinds
of dissemination activities and mechanisms are successful in
promoting successful adoption and use of courseware?&quot; The data
presented in this paper about PA awardees&apos; dissemination
practices is derived from a preliminary analysis of interview
transcripts and documents.
The sources for the document analysis are dossiers that PA
applicants submit for judging. Dossiers include narratives that
address the PA Evaluation Criteria (Instructional Design, Software
Design and Engineering Content) [3]. We included 19 award-
winners from 1998-2010 in the sample plus 10 of the non-winners
to ensure that our findings were indicative of the broader field of
engineering courseware applicants. Two researchers on our team
developed and tested the reliability of the PA Dossier Codebook
and then split the review of documents in our sample.
The other data source is interviews, which are semi-structured,
retrospective, one-on-one conversations between a researcher and
an awardee. To date we have conducted 10 telephone interviews
(55% of awardees) with one applicant declining to be interviewed.
The interviews are recorded and transcribed. Researchers are
currently coding them using the coding software NVIVO.
</p>
<h1>3. RESULTS &amp; ANALYSIS OF STUDIES</h1>

<h2>3.1 CCLI PI Dissemination Practices</h2>
<p>
Tables 1 and 2 list dissemination methods and the percentage of
the CCLI survey respondents who reported using the methods.
Respondents were asked to rate the level of success for traditional
</p><p>
dissemination methods, listed in Table 1. The highest rated
method, in terms of success, was also the method used most
frequently &#8211; &#8220;Paper/presentation at a professional conference1&#8221; -
with 75% of the respondents rating this method as successful or
extremely successful. The next most successful methods, rated at
55% and 54% respectively, were &quot;Workshops/seminar held on
home campus2&quot; and &quot;Poster at a professional conference3.&quot; The
remaining methods all received ratings below 50%.
</p><p>
To put these numbers in perspective, respondents were also asked
to describe successful dissemination in their own words. The
majority of responders described success as some form of
adoption or use by other instructors that culminated in student
interaction or use of the innovation.
</p><p>
Next respondents rated their use of digital dissemination methods
(Table 2). Respondents reported much less use of the Web (and
services found there) for dissemination when compared to
traditional methods. While the vast majority (70%) reported using
a local website to make their digital materials available, their
usage of DLs was significantly lower. Usage rates range from
20% for &quot;Contributing to a DL collection or institutional
repository on your campus&quot; to a high of 29% for &quot;Contributing to
a DL within their discipline.&quot; &quot;Contributing to a DL collection
i.e., the NSDL&quot; (22%) ranked barely above using a campus DL.
Note that this choice might be conflated with a PI choosing to use
a discipline-based DL without realizing that a number of STEM
DLs (i.e., COMPADRE (physics); BEN (biology)) are also
</p><p>
Pathways collections of the NSDL. It is also possible that PIs
simply did not know what the phrase &#8216;DL&#8217; meant, but did submit
materials to a collection [8].
When asked to rate the effectiveness of digital dissemination
methods, the respondents did not believe any of the methods were
particularly successful. The highest rated method was &quot;Hosting a
website locally on the PI&#8217;s campus1&quot; with 48% rating this method
as successful or highly successful. &quot;Contributing to a DL in the
PI&#8217;s discipline2&quot; was rated next at 19%. Less than 12% of the PIs
felt that contributing to any other form of DL, or an open
courseware collection or Wikipedia, was effective. It should be
noted that since the majority of PIs had not contributed to a DL,
their opinions may not have been based on the actual experience
of contributing to a DL, leaving open the question: on what basis
did they form this opinion? Use of any type of social media was
rated extremely low with 7% believing YouTube to be successful,
and all other forms (i.e., blogs or Facebook) rated at 4%.
</p>
<h2>3.2 Premier Award Dissemination Practices</h2>
<p>
The PA competition was instituted with two primary goals: to
recognize and reward the efforts of faculty (and students)
developing courseware and to provide an external measure of the
quality of the courseware [3]. The designers of the PA saw it as a
way to disseminate models of high quality courseware, believing
in the long run, that the PA would impact promotion and tenure
criteria and engineering teaching practice by establishing a metric
to value teaching and learning innovation. Applicants and winners
have spanned the disciplines of architecture, biology, computer
science, math, and engineering. Analysis of the dossiers in our
sample indicates the number of times different types of
courseware were submitted: Curricula (9); Tools (7); Simulations
and Databases (2); and, Animation and Case Study (1).
Analysis of the PA dossiers indicates that the Web is consistently
used as a dissemination mechanism. Every award-winning
applicant, save one, had a website hosted on their campus, and the
websites contained supporting materials such as instructors guides
in addition to access to the courseware.
</p><p>
The dossiers also showed that applicants, like CCLI PIs,
predominantly employed traditional dissemination methods such
as writing and presenting conference papers and journal articles
(Table 3). Other dissemination methods included: a local
computer lab installation, professional society endorsement and
promotion, author&apos;s personal website, and printed fliers.
Dissemination methods such as books, conference posters, online
workshops, local and other DLs were rarely used, if at all. The PA
winners were required as part of the award, to submit their
courseware to the NEEDS/EP DL, inflating this number in Table
3. In other words, had they not won the award, it is likely that
their use of DLs might more closely match that of the CCLI PIs.
Based on the interviews to date, it appears that PA winners have
for the most part, put a great deal of effort into disseminating their
courseware. Several discussed the time and effort it takes to
employ traditional methods. As one interviewee explained:
</p><p>
We...do some kind of workshop, or symposium at...[our
discipline&apos;s] major conferences...at least once a year....Recently
we have been trying to hit other strategic venues. They also
leveraged campus opportunities...because the people at [our
campus learning] center are...more aware of what I am doing. As
they interact with other groups, they know...I am a resource in
this area.
Others expressed a sense of frustration about the level of effort
required to be successful in encouraging courseware adoption: It
requires continual effort. You basically have to do stuff every year
to keep things growing....We tried...to do things that were different
than just &#8230; publish some conference papers....We tried to build a
community driven website....Then we branched out into offering
workshops at...education conferences because that would be the
main target audience for our particular courseware.
A number of interviewees discussed how they felt that winning
the PA would help with their dissemination efforts:
Interviewee D: I remember thinking it would be nice if we got this
recognition and other people heard about [the courseware]
through the Premier Award as way to promote the tool use more
broadly.
Interviewee E: So I thought that was really a great opportunity for
me...I was fielding calls from people to make a copy of the
[courseware] CD and then send it to them. And I said [to myself]
that was not doable [in the long-term].
And the PA program did put sustained effort into disseminating
the winners&apos; materials: distributing over 25,000 CDs containing
award winning materials; highlighting winning courseware at the
NEEDS and Engineering Pathways DL sites; and, publically
recognizing the winners with an awards luncheon at the annual
Frontiers in Education (FIE) conference.
However, interviewees also described barriers to dissemination
that can be classified as institutional or cultural, indicating that
while they might have been &apos;following the rules&apos; by using
traditional means to disseminate, they found that their efforts were
not valued.
Interviewee B: [Our courseware] pre-proposal [to NSF] was
turned down and the principal rationale for turning it down...was
that NSF will not fund a contest as a way of disseminating an
educational product. It was a philosophical rejection of the idea
of using competition as a way to spur the interest that would
cause the educational product to be disseminated
Interviewee D: In all honesty, we did have some publications.
They aren&apos;t of the same stature of the journals...that really carry
sort of the prestige or...the recognition that you would need to be
able to tell an administrator...&quot;we&apos;re doing good things.&quot; I don&apos;t
know....We could publish and we did, but it just - it wasn&apos;t
significant enough to really mean anything.
</p>
<h1>4. SYNTHESIS - IMPLICATIONS FOR DLS</h1>
<p>
Both studies indicate that dissemination is largely an individual
activity for the PI or awardee with little support from funding
agencies or organizations that initially supported development of
STEM digital resource or courseware and there are divergent
views as to what constituted successful dissemination practices.
The survey data suggest that this lack of support may encourage
CCLI PIs to take a minimalist approach to fulfilling dissemination
requirements, (i.e., writing a paper or making a conference
presentation). The interview results indicate PA awardees&apos; actual
</p><p>
dissemination activities are more nuanced. Awardees noted that
concerted individual effort might lead to little professional reward
but that persistent effort was also required, as was making
connections with DLs (in this case the NEEDS/EP DL) and
professional societies. Our interviewees&apos; dissemination stories
showed that combining traditional and digital dissemination
methods seemed to lead to more widely disseminated materials.
The CCLI Survey results highlight an apparent contradiction
between what CCLI PI&apos;s report as successful dissemination
methods and the practices they employ, e.g., paper presentations,
targeted at the relatively small educational research community
within their disciplines. This contradiction is not surprising. Most
faculty members at four-year institutions must write papers for
peer reviewed journals and must publish to get tenure and keep
their jobs. This fact directly impacts DLs because faculty who
might wish to submit to or publish in a DL perceive little or no
value in doing so, in part because of the lack of direct rewards
(i.e., scholarly recognition; reach to other instructors or the lack of
institutionally- or culturally-accepted methods of gatekeeping that
validate their contribution, such as traditionally valued peer
review).
The DL developers and the faculty members, then, are involved in
a cycle where, because education DLs cannot give faculty and
instructors the kinds of rewards recognized by their institution or
discipline participation remains low, and because participation
remains low, education DLs cannot establish credibility.
Several efforts have been made to strengthen the credibility of
educational DLs through site-specific peer review as a way to
promote the quality, and therefore the value, of STEM resources
created by faculty and teachers and these show promise [5]. Other
STEM educational DLs (e.g., BEN and the APS Archive) accept
only peer-reviewed materials. With their focus on scholarship,
these DLs are becoming recognized in the biology education
community for providing quality resources.
In addition to the slow work of changing cultural and institutional
attitudes towards valuing DLs as dissemination methods
comparable to papers, another solution might be to reward
dissemination methods much like we reward research or teaching.
For example, research on dissemination efforts might become
another path for faculty to pursue. By studying dissemination
efforts and adoption practices associated with their digital
resources or courseware, faculty members would add significantly
to a growing knowledge base around adoption of innovation
within their discipline or field. DLs could assist research efforts
by developing, systematically collecting, and making available
metrics on dissemination.
Lastly, DL developers might institute awards programs for
resources in their DLs, similar to the Premier Award. This type of
award emphasizes peer review of innovative ideas and the impact
of digital resources or courseware on a field. As an interviewee
noted, ...the [PA] plays a very different role than some of the
other awards within IEEE or the ACM&#8230; which happen generally
pretty late in someone&apos;s career after they have made [a]
considerable impact&#8230;. The Premier Award for me is the only one
that really focuses on the quality... of educational software....
As several PA winners noted, dissemination is difficult, and it
requires sustained effort plus the use of traditional and digital
methods to be effective, including partnerships with professional
</p><p>
societies. We have suggested how DLs and developers can help
faculty with dissemination in order to effect change in the reward
system to provide much needed recognition to the faculty,
scholars and students who so justly deserve recognition for their
contributions to STEM DLs and education.
</p>
</content>
