<?xml version="1.0" encoding="UTF-8"?>
<content>

<h1>1. INTRODUCTION</h1>
<p>
Means of information exchange has been changing from print
information to digital data which is faster, more e xible and
easier to access. This calls for the need to digitize print
texts [2]. Digitization may involve creating digital images
by a scanner and then generate ASCII texts by an Opti-
cal Character Reader (OCR) systems. However it is known
that it is impossible for OCR systems to give 100% accu-
racy. In other words OCR texts usually contain errors due
to misrecognized characters. Figure 1 shows the example of
the text image scanned at 130 dpi. Table 1 shows the OCR
text generated from the text image in Figure 1. The words
in boldface are the OCR errors. Digitized texts need to be
indexed and organized in databases. Automatic text clas-
si cation is an important tool in indexing and organizing
these documents eec tively. Therefore, it is important to
investigate how to automate the classi cation of these OCR
texts eec tively.
</p><p>
In information retrieval for example, OCR errors ae ct the
system&#8217;s reliability and eci ency. Many OCR error removal
systems [13] focus on pages with the combination of texts
and images. When dealing with only texts application of
these OCR error removal systems may remove important
information of the text. Therefore there is a great need of
investigating these OCR texts without applying any error
removal system. With the presence of these OCR errors
it is important to choose proper syntactic word categories
that represent the document to train a classi er so that the
classi er will be able to eec tively classify new OCR texts.
</p><p>
Conventionally, the bag-of-words (BOW) approach is used in
generating features to represent OCR texts [3, 8]. Usually
BOW does not take into considerations of syntactic word
categories. Therefore BOW includes all words even those
which can cause over tting of document categories.
</p><p>
Unlike the conventional approach we evaluate how linguis-
tic features improve classi cation performance of OCR texts
based on parts of speech analysis(POSA). We used the ab-
</p><p>
solute frequency of syntactic word categories in this feature
set and transformed them into relative frequency and lastly
we applied power transformation[1]. Our approach found
that suitably selected POS can improve classi cation eec -
tiveness.
</p><p>
Therestofthepaperisorganizedasfollows.Section2
explainsthepartsofspeechanalysis.Insection3classica-
tionmethodsaredescribed.Insection4experimentstudy
is described. Section 5 discusses the experimental results.
In section 6, a brief survey of related works is discussed.
We n ally draw conclusions and present future directions in
Section 7.
</p>
<h1>2. PARTS OF SPEECH ANALYSIS (POSA)</h1>
<p>
In this section we describe POSA and combination methods.
First part-of-speech (POS) tagging of news articles is done.
All POS elements are extracted based on the tree-tagger1.
</p><p>
POS tagger performs one of the Natural Language Process-
ing Task (NLP), which is to determine the POS of a word
with POS ambiguity, given its contextual words.
</p><p>
Secondly the feature set of v e POS are extracted from these
texts. These 5 POS are nouns, pronouns, verbs, adjectives
and adverbs. Using the method introduced in Section 2.1
feature vectors are constructed.
</p><p>
Consider a set of N sample texts, x = {x1, x2, . . . , xN }
with n-dimensional text space. Assume that every textual
document belongs to one of the C classes {&#969;1, &#969;2, ..., &#969;C }.
Each text can be represented as a feature vector, xk =
[x1 x2 . . . xn]T , whereby, n is dimensionality(dimension of
generated lexicon list), xi is the absolute frequency(AF) of
parts of speech (POS) which is the frequency value of ith
word or POS and T is the transpose of a vector. Absolute
word frequency tends to depend on texts leading into lower
classi cation performance. This is said to be due to the fact
that text length di ers within the same class of documents
which makes learning process di cult.
</p>
<h2>2.1 Feature Transformation</h2>
<p>
In order to solve the problem of dependency on text length,
the length variation in absolute term frequency were reduced
by transforming AF to relative term frequency RF as follows;
xi
yi = Pn
(1)
j=1 xj
</p><p>
In order to obtain normalized and Gaussian-like [4] distri-
bution feature set transformation of the form;
zi = yiv, (0 &lt; v &lt; 1)
(2)
is used. By substituting equation (1) into (2) we obtain
zi = Pnxi v, (0 &lt; v &lt; 1)
(3)
j=1 xj
</p><p>
Features generated by equation (3) are called relative fre-
quency with power transformation (RFPT).
</p>
<h2>2.2 Feature Selection and Combination of POS</h2>
<p>
For simplicity let us assume that there are two sets of feature
vectors: (1) the term frequency generated using nouns and
(2) the feature set generated based on verbs present in a text.
We denote nouns with a superscript u and verb features with
a superscript v in equations (4) &#8211; (8). Consequently, we can
de ne the featurevectorsas
x(u)=hx(1u)x(2u) . . . x(nu1)iT ,
(4)
for the noun features. The verb features can be expressed
as
h i
x(v) = x(1v) x(2v) &#183; &#183; &#183; x(nv2) T .
(5)
The combination of these feature vectors can be de ned as
Q = x(u) &#8853; x(v)
(6)
h i
= x(1u) . . . x(nu1), x(1v) . . . x(nv2)) T .
(7)
</p><p>
Therefore if we denote pronouns, adjectives and adverbs fea-
tures with a superscript r, j and d respectively, then the
</p><p>
combination of features used in this experiment can be ex-
pressed as;
</p><p>
can be called the similarity weighted function (SWF). In
general terms it can be called weighted metric function (WMF).
</p><p>
Q =
</p><p>
x(u) &#8853; x(v) &#8853; x(r) &#8853; x(j) &#8853; x(d) (8)
</p><p>
We use this technique to generate an informative features to
improve classi cation performance. Equation (3) is applied
to the composite feature set Q to form a normalized and
Gaussian-like distribution.
</p><p>
Selection of suitable POS combination
We followed two steps in choosing suitable POS combina-
tion. Firstly we found out which POS contribute more in
classi cation performance of OCR texts. In this step we
removed one group of POS and then evaluate the classi -
cation performance to n d out the hierarchy of the POS in
describing a category&#8217;s content.
</p><p>
Let us denote bag-of-words feature set as A and verb features
as xu the remaining feature vectors can be de ned as
R = A &#8220; x(u)
(9)
</p><p>
Equation (9) can be used in removing other POS elements
such as pronouns, verbs, adjectives and adverbs.
</p>
<h1>3. CLASSIFICATION</h1>

<h2>3.1 k Nearest Neighbors (kNN)</h2>
<p>
Various classi cation methods have been proposed in the lit-
erature [6, 9, 11]. Among others, k nearest neighbors (kNN)
method is one of the best performers. The kNN algorithm
relies on the concept that given a test document x, the sys-
tem n ds the k nearest neighbors among the training doc-
uments to estimate its a posteriori probability P (&#969;j |x) for
each category [15].
</p><p>
Moreover, kNN can easily handle both multi-class and multi-
label problems simultaneously as compared to other classi-
c ation methods. Since the Reuters-21578 is a multi-class
problem, hence kNN was used in the classi cation process.
</p><p>
We use an improved kNN learning method. The conven-
tional kNN learning method has drawbacks. For example, it
assumes that all examples in the subset Dk &#8838; D have equal
importance in predicting the class of the incoming docu-
ment. Thus it results in giving equal weight even to those
instances that are far from the incoming pattern. Conse-
quently, local-category information for correct prediction of
a class can be distorted.
</p><p>
In an attempt to remove this drawback Lim [7] proposed a
technique for weighting document similarities de ned by
k
X
Z(x, &#969;j) =
sim(x, Di)y(Di, &#969;j),
(10)
Di&#8712;Dk
where y(Di, &#969;j) &#8712; {0, 1} is a discrete function that refers
to the classi cation of training document Di belonging to
a speci c category such that y(Di, &#969;j) = 1 for YES and
y(Di, &#969;j) = 0 for NO. The sim(x, Di) is the similarity be-
tween the test document and the training document. This
</p><p>
However, one can note that expression (10) can still result in
noises and dic ulties in determining the threshold. To solve
these problems, we propose a normalized-weighted metric
(NWM) function. The function can use a distance or simi-
larity measure. Let our metric be similarity measure, sim(.)
as in (10). NWM can be den ed as
Z(x, &#969;j)
Z0(x, &#969;j ) = P
.
(11)
Di&#8712;Dk sim(x, Di)
This can be understood as the normalization of (10). This
was used instead of the conventional voting strategy. Ex-
pression (11) has a property such that (0 &#8804; Z0(x, &#969;j ) &#8804; 1).
In other words probabilistic value will always be obtained.
In doing so, the threshold will always be in the range of 0
to 1.
</p><p>
In general terms, sim(x, Di) can be replaced with other met-
rics such as distance metrics. For example Euclidean dis-
tance can be used instead of cosine similarity. However the
reader should note that the cosine similarity function was
used in the experiments.
</p>
<h2>3.2 Support Vector Machines (SVM)</h2>
<p>
Support Vector Machines (SVMs) is the machine learning
method which n ds the optimal hyperplane with maximum
margins. The nearest patterns to the decision boundaries
are the support vectors.
</p><p>
We used the SVMLight package [5] in the experiments. We
divide each classi cation task into C binary classi cation
problems and adopt the one against the rest strategy. We
mostly report results from linear kernel. This is because a
considerable number of studies have shown that the linear
kernel outperforms non-linear ones in ATC [5, 15].
</p>
<h1>4. EXPERIMENTS</h1>
<p>
Word list was generated from training data. Feature vectors
were generated according to the word list.
</p>
<h2>4.1 Data for experiments</h2>
<p>
Documents were obtained from Reuters 21578 collection of
newswire articles which is composed of 21578 articles man-
ually classi ed into 135 categories. Many text classi cation
methods have been tested using this corpus [1, 12]. We
used articles from ModApte split belonging to the largest
10 categories(i.e. acq,crude, earn, grain, interest, money-fx,
money-supply, ship, sugar, trade).
</p><p>
In this work 6491 articles were used as train data set and
2545 articles were used as test data set. OCR texts were
generated at di erent resolutions.
</p>
<h2>4.2 Simulations and Preprocessing</h2>
<p>
Test data documents from Reuters collection were printed
out in order to simulate the process of generating OCR texts.
The print texts were digitized using a scanner into images of
resolution of 130, 200 and 300 dpi and they were converted
into ASCII texts by e-typist OCR software [8]. These OCR
</p><p>
texts were used as test data. Feature sets of POS were gen-
erated as explained in the previous sections 2.1 and 2.2.
In many text classi cation approach, removal of stop-words
(functional words, general words) is carried out in data pre-
processing before feature generation. But in order to judge
the eec tiveness of each POS contributing to classi cation,
in this approach, stop words were not removed. This deci-
sion lowered classi cation performance but enhanced coher-
ent conclusions.
Each document was then tokenized by The Penn Treebank
Project tokenizer in order to remove the adjoining words.
The removal of the adjoining words before tagging to im-
prove the accuracy of the tagging process. Then tree-tagger
[10] was used to identify the Parts of speech tags. The de-
sired linguistic patterns (POS) were extracted. We experi-
mented on dieren t POS combination in order to n d out
the combination that will give higher results in OCR texts of
diere nt dpi values. The reason for using various dpi values
include investigating the impact of OCR errors.
Dimensionality was reduced by Principal Component Anal-
ysis(PCA) through which we retain a set of principle com-
ponents with highest variance.
</p>
<h2>4.3 Evaluation Measures</h2>

<h3>4.3.1 Word Recognition</h3>
<p>
To evaluate the accuracy of an OCR system we use the com-
monly used F-measure metric, which is equal to the har-
monic mean of recall and precision. In this case, recall was
calculated as a ratio of number of correctly recognized words
to number of words in original text. Precision as a ratio of
number of correctly recognized words to number of all words
in OCR texts.
</p>
<h3>4.3.2 Text Classication</h3>
<p>
We used the most used performance measure which is F1
measure [14]. There are usually two averaging strategies.
The rs t one is called micro-averaging. The second one is
macro-averaging. The details for these strategies can be
found in [12]. Note that micro-averaging is the mostly used
one. We therefore report results of micro-averaging strategy.
</p>
<h1>5. RESULTS</h1>
<p>
Firstly, noun were removed from a group containing bag-of-
words and this yielded the lowest classi cation results. We
then extracted verbs, adjectives and adverbs separately by
using the same procedures followed in equation (9). When
verbs were removed the classi cation results were higher
than that of after removing nouns.
The order of each POS&#8217;s contribution in OCR classi cation
was as follow: Nouns &gt; Verbs &gt; Adverbs &gt; Pronouns &gt;
Adjectives &gt; Prepositions, Conjunctions, Particles.
After knowing the hierarchy of the POS contribution in OCR
text classi cation, we combined some of POS to n d out
the suitable combination that will show higher classi cation
performance in all OCR texts. Nouns were combined with
verbs and the results were evaluated. The noun, verb com-
bination were combined with adjectives and lastly adverbs
were added. After adding adverbs, the results did not show
substantial improvement but it made the results stable in all
</p><p>
OCR texts. The classi cation performance of nouns, verbs,
adjectives, adverbs combination improved more when pro-
nouns were added. Therefore in this work we used nouns,
pronouns, verbs, adjectives and adverbs because it gave sta-
ble and encouraging results.
Empirical results shows that POSA improved classi cation
performance of OCR texts. This can be seen in Figure 2
which is the graphical representation of Word Recognition
rate against Classi cation performance. It also shows that
OCR text classi cation decrease with increase in OCR er-
rors. With POSA approach, classi cation performance im-
proved even with the presence of OCR errors. From this
graph we can say that POSA improved classi cation perfor-
mance of OCR texts.
The richer the feature set used to train a classi er the higher
the classi cation performance. This technique is more eec -
tive in OCR text classi cation than using bag-of-words as a
feature set. The use of POSA reduces less important POS as
well as OCR errors which can mis-represent documents. As
it can be observed in the Figure 2, the classi cation results
without POSA were low because bag-of-words were used as
a feature set. This included less informative words which
interfered classi cation.
Figure 3 represents the empirical results of kNN classi ca-
tion of data with and without POSA. Figure 3(a) shows the
results of AF feature set. Figure 3(b) shows the results of
RFPT feature set. These gu res reveal that POSA appli-
cation on AF and RFPT features improved classi cation of
OCR texts. Consider the result of RFPT features at 130dpi
in Figure 3(a), classi cation performance on features with-
out POSA were F1 = 86.11%. After applying POSA, the
results were as high as F1 = 89.08%. Moreover, when POSA
of AF features were transformed to RFPT, in g ure 3(b) the
results of micro-average F1 = 91.84%. We can see that the
classi cation performance of OCR texts by kNN classi er
were enhanced whenever POSA was applied.
Figure 4 shows the comparison of empirical results of SVM
classi cation of data with and without POSA. Figure 4(a)
shows the results of AF feature set. Figure 4(b) shows the
results of RFPT feature set. Consider the results of RFPT
features at 130dpi in Figure 4(a), classi cation performance
on AF features without POSA were 90.3%. After applying
POSA, 91.16% of micro-averaged F1 was achieved and the
results of their transformed features is 93.19% in Figure 4(b).
This shows that classi cation of OCR texts performs best
with the application of POSA.
</p><p>
In both kNN and SV Ms, RFPT features achieved highest
classi cation performance. The reason for this is explained
in section 2.1. The encouraging point is that in all g ures
the results shows that POSA improved classi cation perfor-
mance of OCR texts especially for degraded texts.
</p><p>
We have found out that the tagger tagged most of the un-
known (OCR errors) words as either noun or proper nouns
depending on their linguistic position and rules. For exam-
ple the word against was misrecognized by an OCR system
as againt and the tagger tagged or classi ed it as a noun
instead of preposition. Let us take a closer look at Table 2.
The total number of each POS in each test data is presented.
It also shows the average number of each POS per page in
each test data. Note how the number of nouns and proper
nouns increased signi cantly on the OCR text of lower dpi
value, 130. In the presence of many OCR errors its tagging
ec iency decreased. Therefore OCR errors a ected the per-
formance of a tree tagger as well as the categorization per-
formance.
</p>
<h1>6. RELATED WORKS</h1>
<p>
The literature shows few research works done previously on
parts-of-speech analysis in relation to Automatic text classi-
c ation. To the best of our knowledge, this work of parts-of-
speech analysis on OCR texts in relation to ATC is appear-
ing for the rst time in the literature. Therefore most of the
works we survey and present here, die r from this paper.
</p><p>
The authors in, [8] proposed the use of transformed features
for OCR texts. Their work shows that using transformed
features generated using bag-of-words approach improved
the classi cation performance. Our work in this paper dif-
fer from the work in [8] as we do not focus on bag-of-words
as feature set. Instead we generate features based on POSA
and suitably combine POS elements to improve classi cation
performance of OCR texts.
</p><p>
Another example of works that used bag-of-words to repre-
sent the texts is found in [3]. They used untransformed fea-
tures and classi ed multi-page document by a hybrid naive
Bayes HMM approach. In contrast we used parts of speech
as features and kNN and SVM as classi ers. We present
improved classi cation results.
</p>
<h1>7. CONCLUSION AND FUTURE WORK</h1>
<p>
In this paper, we have presented an impact of linguistic fea-
tures in Automated Classi cation of OCR texts. Our ap-
proach to generating features has given promising results.
Rather than using the conventional approach i.e, bag-of-
words POSA and suitably combining POS elements can im-
prove classi cation performance. Using fewer POS combi-
nation as feature vectors may lead to better OCR text clas-
si cation. Future work includes using TFIDF on POSA as
a feature set and also the use of other classi ers.
</p>
</content>
