<?xml version="1.0" encoding="UTF-8"?>
<content>

<h1>1. INTRODUCTION</h1>
<p>
Handwriting can be understood as a generative process where
the observable data (handwriting) is generated through a
</p><p>
process that depends on the writer as well as the content
being written. This immediately leads us to two simple con-
clusions: (i) Same content written by dier ent writers should
be dier ent and (ii) Dier ent content written by the same
writer should be dier ent. The rst conclusion is an au-
tomatic choice for any writer identication technique since
the same content normalizes the issues related to document
content and any analysis (comparison on image feature or
model space) of such content for dier ent writers would only
model the writer style and characteristics which are of pri-
mary interest. The important research question to be an-
swered here is: how can we design a model which maximizes
inter-class variance (same content by dier ent writer) as well
as minimizes intra-class variance (same content written by
same writer) at the same time. This direction of research
has received considerable attention in the recent past, where
researchers have analyzed a set of known character or word
images for all writers and compared them in the feature or
model space to understand writer specic attributes satis-
fying such constraints [12, 14, 15, 3, 13](research question
above). We dene such models as &#8221;MODEL A&#8221; (Figure 1).
</p><p>
The second conclusion though follows from the r st conclu-
sion, adds an extra layer of complexity to any writer identi-
cation model. In this case, we also need to analyze dier ent
content written by writers that leads us to a new research
question: how do we normalize eects of dier ent content
written by writers to satisfy the constraints of MODEL A.
Few researchers have attempted to solve this problem by
focusing on text-independent image features [6] which only
extracts writer specic information from the text regardless
of its content. Such features provide a very simple solution
to the problem under the assumption that these features
are excellent descriptors of writer style and can eectiv ely
model all the writers on the corpus. We dene such models
as &#8221;MODEL B&#8221; (Figure 2).
</p><p>
Both models as explained above, attempt to solve two dif-
ferent versions of the same problem under dier ent assump-
tions. MODEL A assumes the underlying text is same or
normalized for all writers in the corpus. MODEL B as-
sumes the text-independent feature space is robust enough
to provide a discriminative hyper-plane in the feature space
for all the writers in the corpus. Since MODEL B explicitly
follows both the conclusions mentioned above, it is denitely
superior to Model A. However, it suer s from a severe draw-
back based on its fundamental assumption. Let us take an
example to illustrate this limitation in detail. Let us assume
the total numbers of such text-independent features are &#8221;n&#8221;
which means that each writer can be projected as a point
in an n-dimensional feature space. The task of writer iden-
tication is then equivalent to nding an optimal discrimi-
native hyper-plane in this feature space which separates all
such points corresponding to each author. Since the number
of features (n) is xed here, and each feature value is real,
theoretically it is possible to nd an optimal hyper-plane
separating innite number of authors in the corpus. How-
ever, as the number of authors in the corpus is increased,
nding an optimal hyper-plane becomes more dicult in
</p><p>
practice which accounts for a reduced performance.
</p><p>
The primary reason for this problem is that for a large
number of authors, the text-independent features need to
be very discriminative for an optimal classication which
is an extremely challenging task since the primary aim of
text-independent features is only to normalize the content
issue and focus on writer specic attribute of the handwrit-
ten text. This limitation leads us to a new research ques-
tion: how do we extend MODEL B to provide a discrim-
inative classication for a large number of authors in the
corpus. There are two possible research directions to ad-
dress this question. Firstly, we can come up with a new
set of text-independent features which explicitly provides a
discriminative classication for a large number of authors.
Secondly, we can come up with a robust model which ex-
plicitly addresses all such issues and provides us an optimal
classication. We believe taking the r st route (discrimina-
tive features) is extremely challenging since the number of
all possible features is upper bounded by model complex-
ity and therefore the classication accuracy will always be
dependent on the number of authors in the corpus. The sec-
ond route on the other hand provides us a strong theoretical
route to a set of models for solving this problem since it
is easier to put mathematical constraints on the models for
solving any problem rather than on a limited set of deter-
ministic features. We therefore propose to combine all the
above mentioned constraints in a generative model which ex-
plicitly accounts for all assumptions and dependencies and
provides us an intuitive way of solving this challenging prob-
lem.
</p>
<h1>2. WRITER STYLE MODELING USING LDA</h1>
<p>
We propose to use an Author-Style-Feature model (similar
to Author-Topic Models [11]) for modeling writing style as
well identifying writer class. As shown in gur e 3, each au-
thor or writer is represented as a probability distribution
over multiple writing styles (e.g. cursive, loopy, straight
slant) which in turn is represented as a distribution over
various text-independent features extracted from handwrit-
ing. Using text-independent features provides us the ex-
</p><p>
ibility to represent a large number of writers with limited
data and enables us to explicitly model their writing styles.
We propose to use Latent Dirichlet Allocation (LDA) [5]
for modeling writing style from handwriting features. There
are a number of advantages of using this approach as com-
pared to the current baseline systems for writer identica-
tion. Firstly, LDA provides us a generative model for writer
style modeling which is exible (as it can be used with most
of the image based features) and provides a strong theo-
retical framework for writer style learning. Secondly, this
approach also attempts to address the issue of large num-
ber of writers in the corpus. Usually, with a large number
of authors, the task of classication becomes more complex
with increase in number of classes. We hypothesize that the
growth in the number of writing styles is limited as compared
to the growth in number of writers and each writer can be
ecien tly modeled as a distribution over multiple writing
styles. Therefore, LDA enables us to ecien tly model fewer
writer style classes instead of larger writer classes with the
same text-independent features. Thirdly, LDA based style
modeling helps us in comparing two dier ent writers on style
space as well. Using this mechanism, we can easily answer
why two writers are similar to each other or what writing
style (or handwriting accent) are involved in the handwrit-
ing which can also be utilized in accent classication (native
or non-native writer) of handwriting [8].
</p>
<h2>2.1 Feature Extraction</h2>
<p>
In this section, we describe the two sets of features used for
the task of writer style clustering as well as writer identi-
cation.
</p>
<h3>2.1.1 Contour Angle PDF Feature</h3>
<p>
Firstly, the input image is binarized and connected compo-
nent analysis is performed to extract components from the
image. The extracted components are then passed through
an edge detection scheme where the contour image of the
component is obtained. Our feature extraction is then per-
formed on the contour image. We adapt contour angle fea-
tures described in [6] for our task. From the contour image,
each foreground pixel (pixel set as black) is set at the center
of a rectangular mask of width n pixels on left, right and
above. For each periphery foreground pixel which forms an
edge with center pixel [1], we compute the angle of the edge
with respect to horizontal and update an angle histogram.
Finally, the angle histogram corresponding to the whole line
image is taken as the feature value (Figure 4). In our exper-
imental setup, we use three dier ent masks of pixel width
</p><p>
3, 4 and 5. Angles computed from each of the masks are
binned into 8, 12 and 16 bins, thereby accounting for 36 fea-
tures for each line image.
</p>
<h3>2.1.2 Structural and Concavity Feature</h3>
<p>
These features are based on the GSC features as described
in [9]. GSC features provide a multiresolution representation
of a handwritten image at three levels: local, intermediate
and global. The gradient features capture the local infor-
mation present in form of slope changes over smaller set of
strokes in the image. The structural features are an exten-
sion of gradient features for modeling the stroke relation-
ships and trajectories at a longer distance. These features
essentially capture certain patterns contained in the gradient
map of the handwritten image and contribute 12 features per
grid of the image. The concavity features are the global rep-
resentation of the image and can be sub-divided into three
main categories: (i)Coarse pixel density features: Number
of image pixels present in a particular grid (1 feature per
grid), (ii) large stroke features: Vertical and horizontal run
lengths present in the image (2 features per grid) and (iii)
concavity features: convolution of the image with a star-like
operator and applying rules to the termination status of the
pattern as upward, downwards, left, right and holes(5 fea-
tures per grid). In our setup, we apply a single grid to the
overall line image and thereby extract 12 structural and 8
concavity features from each image.
</p>
<h2>2.2 Latent Dirichlet Allocation</h2>
<p>
Using a notation similar to LDA, we describe a generative
model (Figure 5) for each feature f in a handwritten doc-
ument D as follows:
</p><p>
1. Select N &#8764; Poisson(&#958;).
2. Select &#952; &#8764; Dir(&#945;).
3. For each of N features:
</p><p>
(a) Select a writing style s &#8764; Multinomial(&#952;).
(b) Select a feature fn from P (fn|sn, &#946;) which is also
a multinomial probability distribution.
</p><p>
In this model, N refers to the number of features in each
document (36 or 56), M refers to the total number of doc-
uments in the corpus (4096 images), &#945; denotes a Dirichlet
hyper-parameter which controls the document-style distri-
bution (if &#945; is equal for all styles then it denotes each style
is equally likely to begin with), &#952; denotes the document-style
distribution (given a document, what&#8217;s the probabliity that
it is written with a particular style S), &#946; denotes the style-
feature distribution (given a style S, what&#8217;s the probability
that this style has generated a particular image feature f).
Feature f is shown as a grayed box in the graphical model
since this is the only observed value in our model (observed
feature) and rest all other nodes (i.e. style) are latent vari-
ables which we must infer after learning the parameters of
the model.
</p><p>
The k-dimensional Dirichlet distribution is dened as:
P (&#952;|&#945;) = &#915;(kPik&#8722;1 &#945;i) &#952;1&#945;1&#8722;1 &#183; &#183; &#183; &#952;k&#945;k&#8722;1 (1)
Q
i=1 &#915;(&#945;i)
Exactly like an LDA model, the joint distribution of a writ-
ing style distribution &#952;, a set of N writing styles s and ob-
served feature values f is given as:
</p><p>
N
Y
P (&#952;, s, f) = P (&#952;|&#945;)
P (sn|&#952;)P (fn|sn, &#946;)
(2)
n=1
</p><p>
Using equation 2 and integrating over &#952; and summing over
s, we obtain the marginal distribution of each handwritten
image as:
</p><p>
P (f|&#945;, &#946;) = Z P (&#952;|&#945;) &quot;
P (sn|&#952;)P (fn|sn, &#946;)# d&#952; (3)
N
n=1 Xsn
Y
</p><p>
Since our generative process assumes that each handwritten
document image is independently and identically generated,
we take the product of marginal probability of each docu-
ment image to obtain the probability of complete corpus as
follows:
</p><p>
dY=1 Z P (&#952;|&#945;) &quot;nY=1 Xsn
P (sn|&#952;)P (fn|sn, &#946;)# d&#952;d
M N
P (D|&#945;, &#946;) =
(4)
</p><p>
There are two important problems in LDA namely infer-
ence and parameter estimation. The inference problem aims
to compute the posterior distribution of the hidden vari-
ables given a handwritten document image as its observa-
tion. This can also be written as:
P (&#952;, s, f|&#945;, &#946;)
(5)
P (&#952;, s|f, &#945;, &#946;) =
P (f|&#945;, &#946;)
</p><p>
model parameters as:
</p><p>
P (f|&#945;, &#946;) = &#915;( Q iP&#915;(&#945;i) i &#945;i) Z &quot;Y i=1 k &#952;&#945;i&#8722;1# i &quot; n=1 Y N Xi=1 k jY=1 V (&#952;i&#946;ij)fnj (6) #d&#952;
</p><p>
As shown in [5], equation 6 is intractable in nature due to
tighter coupling between &#952; and &#946; in the summation over la-
tent writing styles and hence a variational approximation [5]
is considered for estimating the posterior distribution. The
parameter estimation problem in LDA is equivalent to es-
timating the maximum likelihood estimate of corpus level
parameters &#945; and &#946;, given the document D = [f1, f2, &#183; &#183; &#183;fm]:
</p><p>
M
X
l(&#945;, &#946;) =
log [P (fd|&#945;, &#946;)]
(7)
d=1
</p><p>
Once LDA has generated a probability distribution over all
the K writing styles for each line image, we use this dis-
tribution to identify the writer class. A simpler way is to
use the whole distribution as a K dimensional feature vec-
tor and train a multi-class classier for discriminating each
writer based on his writing style distribution.
</p>
<h1>3. EXPERIMENTS</h1>

<h2>3.1 Dataset</h2>
<p>
Our dataset is a subset of publicly available IAM database [10]
and consists of 4075 line images written by 93 dier ent writ-
ers. We conduct 4-fold cross validation to benchmark the
performance of various writer identication systems.
</p>
<h2>3.2 Results</h2>

<h3>3.2.1 Contour Angle PDF Feature</h3>
<p>
Our baseline system uses the contour angle features directly
to train a 93 class SVM using the LIBSVM [7] implemen-
tation. The LDA system uses the contour angle features to
obtain a set of writing styles from LDA [2] and again uses
the style distribution obtained from LDA to train a 93 class
SVM. We also perform two similar experiments with dier -
ent methods for generating writer style (K-means and Hier-
archical clustering) to illustrate the ecacy of LDA. Each
system is evaluated with two dier ent feature sets, one con-
sisting of only style features and other consisting of both
style and contour angle features. Table 1 shows the relative
performance of each system over each fold. As shown, LDA
based method with only style features performs closer to the
baseline method (only SVM) with an extra information in
form of writing styles for each writer. On the other hand,
in combination with angle features, LDA based method out-
performs all other methods which demonstrates its strength.
Figure 6 also shows the qualitative performance of LDA for
generating writer styles. We randomly choose two writing
styles generated and randomly select one image written by
10 dier ent writers. As the gur e suggests, there are two dis-
tinct writing styles generated by LDA (e.g. cursive), which
are consistent even across samples from dier ent writers.
</p><p>
The denominator of Equation 5, can be written in terms of
</p>
<h3>3.2.2 All Features</h3>
<p>
Our baseline system uses all 56 features (36 contour angle
features + 20 structural and concavity features) directly to
train a 93 class SVM. A similar writer style clustering is
performed using LDA, K-means and Hierarchical clustering
to compare the feature performance across all systems. Ta-
ble 2 shows the relative performance of each system over
each fold. Figure 7 also shows the qualitative performance
of LDA for generating writer styles. The conclusions from
these results are consistent with those of the contour an-
gle features, where the LDA based method outperforms K-
means as well as Hierarchical clustering in preserving most
of the feature information useful for identifying each writer.
The style feature combination with the original features just
outperforms the baseline system with an extra information
in form of writer style.
</p>
<h1>4. CONCLUSION</h1>
<p>
In this paper, we present a novel application of using statis-
tical topic models (LDA) for generating writing styles from
oine handwriting. Our proposed technique extends the
current state-of-the-art methods in writer identication by
providing an explicit modeling of writer style using a gen-
erative model. Our current work focuses on extending the
model for writer accent classication and evaluating the ef-
fect of various image features on LDA based writer style
modeling.
</p>
</content>
